,tmdb_id,release_date_tmdb,genres_tmdb,budget_tmdb
0,435995,2017-01-12,"['Adventure', 'Animation', 'Comedy', 'Family', 'Fantasy']",
1,323867,2011-08-09,"['Action', 'Crime', 'Drama', 'Mystery', 'Thriller']",5000000.0
2,97434,2012-04-25,"['Comedy', 'Crime']",
3,308032,2015-07-17,['Thriller'],
4,499566,2019-08-30,['Drama'],
5,283350,2014-09-11,"['Drama', 'Romance', 'Comedy']",
6,70736,2011-09-23,"['Drama', 'Romance']",
7,78571,2012-03-02,['Drama'],
8,95608,2017-07-27,['Drama'],
9,171688,2013-11-01,"['Thriller', 'Crime']",
10,217057,2014-10-03,['Animation'],
11,53079,2010-10-26,"['Documentary', 'Music']",
12,168098,2016-07-06,"['Horror', 'Science Fiction', 'Thriller']",
13,48833,2010-12-03,"['Drama', 'Romance']",
14,316000,2016-01-22,"['Drama', 'Music', 'History']",
15,96987,2012-07-06,['Comedy'],
16,339116,2016-09-30,"['Action', 'Adventure', 'Comedy', 'Fantasy', 'Science Fiction', 'Thriller']",
17,98066,2012-08-03,['Comedy'],
18,10148,2018-04-13,"['Drama', 'Comedy']",
19,105531,2012-11-02,"['Drama', 'Horror', 'Romance']",
20,112161,2012-06-01,"['Comedy', 'Romance']",
21,220746,2012-04-26,"['Comedy', 'Romance']",
22,226247,2010-04-02,['Documentary'],
23,245913,2016-05-06,['Drama'],
24,127413,2011-07-08,[],
25,187462,2013-04-01,"['Adventure', 'Family', 'Science Fiction']",
26,82693,2012-09-08,"['Drama', 'Comedy', 'Romance']",21000000.0
27,38568,2010-08-26,['Drama'],5000000.0
28,295563,2012-01-13,['Comedy'],
29,48837,2011-03-04,"['Drama', 'Horror', 'Action']",
30,74447,2010-10-26,"['Drama', 'History']",
31,253305,2014-03-08,['Documentary'],
32,55632,2010-09-15,['Comedy'],
33,137566,2012-09-13,['Drama'],
34,587506,2010-03-09,['Horror'],
35,75964,2011-10-05,"['Music', 'Documentary']",
36,50779,2010-06-04,['Documentary'],
37,140443,2012-01-15,"['Drama', 'Thriller', 'Romance']",
38,98644,2011-01-21,"['Adventure', 'Drama', 'Romance']",
39,51875,2010-06-10,"['Crime', 'Comedy']",
40,271715,2017-11-06,"['Comedy', 'Music', 'Romance']",
41,55341,2017-09-26,"['Horror', 'Mystery', 'Thriller']",6200000.0
42,273488,2014-08-08,"['Mystery', 'Drama']",
43,180607,2011-01-06,"['Drama', 'Romance']",
44,77876,2011-11-25,['Documentary'],
45,70588,2011-07-22,"['Romance', 'Comedy', 'Drama']",30000.0
46,46503,2010-12-03,"['Drama', 'Mystery', 'Thriller', 'Crime', 'Romance']",
47,244509,2014-05-23,"['Drama', 'Thriller']",
48,56591,2011-12-16,['Documentary'],
49,35458,2010-01-08,"['Comedy', 'Romance']",
50,41602,2013-02-09,"['Action', 'Comedy', 'Drama', 'Romance', 'Thriller']",
51,290542,2014-10-10,['Drama'],
52,59435,2010-10-06,"['Family', 'Drama', 'Romance', 'Comedy']",
53,245916,2014-10-09,"['Thriller', 'Crime', 'Drama', 'Mystery']",5000000.0
54,54985,2011-03-16,['Documentary'],
55,94026,2011-09-02,['Documentary'],
56,523792,2017-12-31,"['Drama', 'Thriller']",
57,121879,2012-11-02,"['Music', 'Drama']",
58,330793,2011-09-15,"['War', 'Drama']",
59,310137,2015-06-26,"['Thriller', 'Horror']",
60,69778,2011-09-02,['Comedy'],
61,27583,2010-03-26,"['Comedy', 'Drama', 'Romance']",
62,57211,2011-08-05,"['Documentary', 'Music']",
63,53344,2010-03-15,"['Music', 'Documentary']",
64,39957,2010-08-17,"['Drama', 'Horror', 'Thriller']",
65,86726,2011-03-04,"['Documentary', 'History']",
66,140781,2011-07-17,"['Thriller', 'Horror']",
67,71112,2011-08-19,"['Horror', 'Action', 'Thriller', 'Science Fiction']",
68,85431,2011-03-02,"['Comedy', 'Romance']",
69,58493,2010-01-01,['Documentary'],
70,152756,2013-10-18,"['Comedy', 'Drama']",
71,49057,2010-09-10,"['Comedy', 'Drama', 'Romance']",
72,58884,2010-04-29,['Drama'],
73,51462,2010-01-01,"['Drama', 'Action', 'Thriller']",
74,48373,2010-08-14,"['Drama', 'Music', 'Romance']",
75,124071,2012-09-07,['Documentary'],
76,43943,2010-09-23,"['Comedy', 'Drama', 'Romance']",
77,47912,2010-07-30,['Documentary'],
78,45014,2010-04-28,['Drama'],
79,61629,2011-04-29,"['Drama', 'Romance']",
80,316021,2016-12-09,"['Drama', 'Mystery', 'Romance']",
81,339527,2015-09-03,"['Thriller', 'Crime', 'Mystery']",
82,127878,2012-09-09,['Documentary'],
83,35656,2010-01-25,"['Action', 'Adventure', 'Thriller']",
84,23830,2010-11-05,"['Drama', 'Romance']",7000000.0
85,152790,2014-05-23,"['Drama', 'Comedy']",
86,211249,2010-11-04,['Drama'],
87,69878,2011-03-11,['Drama'],
88,55567,2010-07-16,"['Comedy', 'Music', 'Family']",
89,70448,2010-05-01,['Horror'],
90,70862,2011-02-04,['Documentary'],
91,46062,2010-01-24,"['Action', 'Comedy', 'Drama']",
92,102855,2013-03-16,"['Documentary', 'Music']",
93,115283,2013-10-03,['Comedy'],
94,157370,2013-09-19,"['Drama', 'Romance', 'Thriller']",1030064.0
95,54602,2011-05-13,['Drama'],
96,89008,2011-09-09,"['Comedy', 'Romance', 'Drama']",7000000.0
97,68412,2010-01-24,['Drama'],
98,47320,2010-10-08,"['Comedy', 'Drama', 'Romance']",
99,50838,2011-04-01,"['Mystery', 'Thriller']",
100,65056,2010-07-22,"['Comedy', 'Drama', 'Romance']",
101,72711,2011-07-29,['Documentary'],
102,214317,2013-09-27,['Drama'],
103,335805,2015-07-01,"['War', 'Drama']",
104,44363,2010-02-05,['Thriller'],
105,54075,2011-01-17,"['Crime', 'Drama', 'Horror', 'Thriller']",
106,47891,2010-10-01,"['Crime', 'Horror', 'Mystery', 'Thriller']",
107,352885,2017-01-13,['Drama'],
108,58550,2010-03-27,"['Drama', 'Romance']",
109,151020,2012-09-16,"['Horror', 'Drama']",
110,209523,2011-01-22,['Action'],
111,56272,2011-03-11,"['Comedy', 'Drama']",
112,66124,2011-05-31,"['Music', 'Documentary']",
113,55879,2010-01-01,"['Comedy', 'Drama', 'Romance', 'Thriller']",
114,79697,2012-10-05,['Comedy'],
115,355629,2013-10-27,"['Drama', 'Comedy']",
116,275665,2011-12-01,[],
117,70729,2010-01-26,['Documentary'],
118,64836,2011-04-29,"['Comedy', 'Documentary']",
119,171910,2013-03-09,['Documentary'],
120,43939,2010-09-10,"['Music', 'Comedy', 'Drama']",
121,262338,2014-08-12,"['Thriller', 'Crime', 'Action']",
122,100292,2010-11-24,"['Documentary', 'Music']",
123,63154,2010-10-01,"['Action', 'Adventure', 'Drama', 'Mystery', 'Science Fiction', 'Thriller']",
124,112090,2012-09-06,['Science Fiction'],
125,71726,2010-04-24,"['Comedy', 'Drama', 'Family']",
126,80048,2011-11-18,['Comedy'],
127,132709,2011-08-31,['Documentary'],
128,35221,2010-02-14,"['Comedy', 'Drama']",
129,202141,2013-06-14,['Documentary'],
130,434072,2018-03-01,"['Drama', 'History']",
131,72477,2011-10-14,"['Drama', 'Thriller', 'Crime', 'Mystery']",
132,164184,2013-02-22,"['Drama', 'War']",
133,33107,2010-02-25,"['Horror', 'Thriller', 'Crime', 'Mystery']",
134,52013,2010-03-12,['Documentary'],
135,96973,2012-05-04,"['Comedy', 'Family']",
136,61527,2010-11-12,"['Comedy', 'Drama', 'Romance']",
137,63143,2011-04-06,['Documentary'],
138,54415,2014-02-07,"['Fantasy', 'Family', 'Adventure']",
139,84184,2012-08-03,"['Comedy', 'Drama', 'Romance']",
140,82622,2010-04-24,"['Comedy', 'Drama', 'Romance']",
141,38093,2010-05-14,"['Comedy', 'Drama', 'Romance']",
142,39333,2010-02-10,"['Comedy', 'Documentary', 'Drama']",
143,257258,2016-04-01,['Drama'],
144,85312,2011-03-11,['Documentary'],
145,67619,2011-10-21,['Documentary'],
146,72744,2011-09-20,"['Documentary', 'Music']",
147,73941,2011-09-23,['Documentary'],
148,67198,2010-02-06,"['Drama', 'Romance']",
149,83479,2011-09-23,['Documentary'],
150,93223,2010-10-01,"['Drama', 'Comedy', 'Romance']",
151,51764,2010-06-08,"['Comedy', 'Romance']",
152,53910,2010-03-26,['Documentary'],
153,135647,2011-01-01,"['Comedy', 'Drama']",
154,196359,2016-09-02,['Drama'],
155,45156,2011-02-03,"['Comedy', 'Drama', 'Romance']",
156,102639,2010-05-18,['Drama'],
157,50837,2011-06-10,"['Drama', 'Thriller']",
158,57353,2011-04-01,"['Action', 'Comedy', 'Thriller']",25000000.0
159,66025,2011-02-11,['Drama'],
160,76785,2012-01-06,['Drama'],
161,78504,2011-10-28,"['Action', 'Thriller', 'Crime']",
162,74387,2012-01-06,['Comedy'],
163,98333,2015-10-30,"['Crime', 'Drama', 'Mystery']",
164,225318,2011-10-04,['Documentary'],
165,156277,2013-11-01,['Drama'],
166,174311,2013-09-10,"['Comedy', 'Drama']",10000000.0
167,117098,2011-09-23,"['Drama', 'Comedy', 'Romance']",
168,42950,2010-08-20,"['Drama', 'Comedy', 'Romance', 'Family', 'Fantasy']",
169,186759,2016-03-17,['Comedy'],8000000.0
170,70585,2011-07-15,"['Comedy', 'Romance']",
171,44966,2010-09-17,"['Drama', 'Comedy']",
172,75469,2011-10-14,['Drama'],
173,77663,2013-07-12,"['Action', 'Thriller']",
174,47218,2011-03-04,"['Comedy', 'Romance', 'Drama']",
175,149874,2010-10-08,['Science Fiction'],
176,75446,2011-02-11,['Documentary'],
177,90122,2011-10-01,"['Comedy', 'Drama']",
178,213831,2013-07-19,['Documentary'],
179,82677,2011-09-14,"['History', 'Documentary', 'War']",
180,462723,2018-02-01,"['Comedy', 'Romance']",
181,135708,2012-11-09,['Comedy'],
182,55934,2010-03-13,"['Mystery', 'Drama', 'Comedy', 'Thriller']",
183,42707,2010-09-11,"['Mystery', 'Thriller', 'Romance']",5000000.0
184,48752,2010-10-08,"['Animation', 'Documentary']",
185,324562,2017-12-01,['Drama'],
186,59248,2010-08-06,['Documentary'],
187,92277,2012-03-23,"['Comedy', 'Romance']",2000000.0
188,51996,2012-02-17,"['Crime', 'Drama', 'Comedy']",
189,54812,2010-06-11,"['Documentary', 'Thriller']",
190,180767,2012-03-16,"['Adventure', 'Comedy', 'Drama', 'Family']",
191,173908,2013-04-20,['Drama'],
192,131245,2011-06-21,['Documentary'],
193,52918,2010-05-09,['Documentary'],
194,46837,2010-10-06,"['Comedy', 'Mystery', 'Romance', 'Science Fiction', 'Thriller']",
195,75576,2011-12-02,"['Drama', 'Thriller', 'Mystery']",
196,62325,2010-11-05,['Documentary'],
197,44946,2010-10-22,"['Drama', 'Comedy']",
198,87425,2011-03-09,"['Drama', 'Thriller', 'Mystery', 'Romance']",
199,65953,2011-08-05,['Drama'],119567.0
200,149509,2013-09-06,"['Drama', 'Fantasy', 'Thriller']",
201,55893,2010-02-18,['Drama'],
202,96999,2012-04-10,"['Family', 'Drama']",
203,276401,2014-10-10,"['Romance', 'Drama']",
204,74830,2011-11-18,"['Drama', 'Comedy']",
205,59437,2010-09-12,['Drama'],
206,324314,2015-03-15,['Documentary'],
207,47755,2011-10-27,"['Documentary', 'Music']",
208,58887,2011-04-22,"['Comedy', 'Romance']",
209,109894,2012-05-25,['Drama'],
210,81581,2011-05-13,"['Documentary', 'Family']",
211,84196,2013-03-01,['Documentary'],
212,206380,2010-11-12,"['History', 'Documentary']",
213,568975,2010-02-01,[],
214,44999,2010-05-09,['Documentary'],
215,99603,2012-04-13,"['Documentary', 'Music']",
216,81578,2011-05-18,['Documentary'],
217,133741,2012-09-19,['Documentary'],
218,274271,2010-01-01,[],
219,301372,2017-04-28,"['Drama', 'Mystery', 'Romance']",
220,104461,2012-04-27,"['Drama', 'Romance']",
221,74461,2013-01-21,"['Adventure', 'Fantasy', 'Horror', 'Comedy']",
222,209244,2013-09-07,['Comedy'],
223,58936,2010-10-15,"['Drama', 'Music', 'Romance']",
224,58194,2011-03-25,"['Drama', 'Thriller']",600000.0
225,105972,2012-05-25,['Documentary'],
226,165739,2013-04-23,"['Crime', 'Thriller']",83000000.0
227,107753,2011-10-08,"['Comedy', 'Drama']",
228,101011,2012-04-07,['Documentary'],
229,80597,2010-01-24,['Documentary'],
230,40663,2010-01-24,['Documentary'],
231,142758,2010-01-09,"['Horror', 'Thriller']",
232,463025,2016-08-08,"['Thriller', 'Science Fiction']",
233,39312,2010-06-25,"['War', 'Documentary']",
234,107869,2011-07-01,['Documentary'],
235,131880,2010-06-16,['Documentary'],
236,52653,2014-04-04,['Thriller'],
237,269640,2010-01-01,"['Comedy', 'Action']",1500.0
238,43922,2010-09-09,['Drama'],
239,39440,2010-09-24,['Documentary'],
240,64288,2011-05-06,['Documentary'],
241,244458,2014-01-19,"['Comedy', 'Crime', 'Horror', 'Fantasy']",
242,41397,2010-01-25,['Documentary'],
243,43924,2010-08-22,['Documentary'],
244,51486,2010-01-25,['Documentary'],
245,54487,2010-01-26,"['Documentary', 'Comedy']",
246,84201,2012-02-12,['Drama'],
247,244772,2014-06-05,['Drama'],
248,294308,2014-09-18,['Horror'],
249,50420,2010-01-25,['Documentary'],271323.0
250,94567,2010-07-02,"['Horror', 'Action', 'Thriller']",
251,424211,2010-04-02,['Drama'],
252,84185,2012-10-01,['Documentary'],
253,83810,2012-02-03,['Documentary'],
254,117924,2012-08-24,['Documentary'],
255,72432,2011-09-23,"['Drama', 'Mystery']",
256,174326,2013-04-21,['Comedy'],
257,97429,2011-05-03,['Drama'],
258,122804,2012-09-06,"['Horror', 'Thriller']",2000000.0
259,92464,2010-01-09,['Documentary'],
260,89873,2012-04-13,['Documentary'],
261,60281,2013-02-22,"['Drama', 'Romance']",112.0
262,59962,2012-02-14,"['Action', 'Comedy', 'Romance']",65000000.0
263,55845,2011-01-05,"['Documentary', 'Music']",
264,70869,2011-06-03,['Documentary'],
265,64854,2011-01-28,"['Horror', 'Thriller']",
266,80308,2011-09-16,"['Documentary', 'Music']",
267,154663,2010-09-17,['Comedy'],
268,55725,2011-03-18,"['Drama', 'Comedy']",10831173.0
269,85821,2010-04-23,['Drama'],
270,97008,2011-07-08,['Documentary'],
271,203182,2012-11-09,"['Documentary', 'Music']",
272,127552,2011-09-23,['Drama'],
273,115400,2011-01-19,['Documentary'],
274,373546,2017-05-05,['Drama'],
275,72186,2010-03-13,"['Documentary', 'Music']",
276,82627,2010-03-14,['Documentary'],
277,70342,2011-07-08,"['Music', 'Documentary']",
278,99877,2012-09-26,"['Drama', 'Documentary', 'Romance']",
279,91337,2010-06-26,"['Documentary', 'History']",
280,59439,2011-03-13,"['Comedy', 'Drama']",
281,55244,2011-03-16,['Documentary'],
282,55861,2011-01-28,['Horror'],
283,168200,2013-02-15,[],
284,75595,2011-01-23,['Drama'],
285,77585,2011-04-30,['Comedy'],
286,120459,2011-01-01,['Documentary'],
287,498716,2010-01-01,['Horror'],
288,77238,2011-10-21,['Documentary'],
289,96600,2012-06-22,"['Comedy', 'Drama']",
290,68197,2010-11-19,['Documentary'],
291,45274,2010-11-05,['Documentary'],
292,214083,2013-09-08,['Documentary'],
293,70758,2011-05-13,['Documentary'],
294,75354,2011-10-28,['Comedy'],
295,64678,2011-06-17,"['Drama', 'Romance']",
296,95056,2011-05-06,"['Drama', 'Science Fiction', 'Thriller']",
297,51170,2010-10-21,"['Adventure', 'Animation', 'Family', 'Comedy']",
298,325759,2015-05-01,['Thriller'],
299,142144,2010-09-17,['Documentary'],
300,81515,2010-04-23,['Documentary'],
301,91930,2011-04-30,"['Comedy', 'Drama']",
302,156713,2013-09-20,"['Comedy', 'Drama']",
303,392284,2011-01-11,['Documentary'],
304,80384,2012-03-27,"['Horror', 'Comedy']",
305,62522,2011-05-20,"['Romance', 'Comedy']",
306,47059,2010-10-22,['Documentary'],
307,50647,2012-02-23,"['Comedy', 'Romance']",35000000.0
308,53100,2011-11-25,['Comedy'],
309,96316,2012-03-30,"['Drama', 'Comedy', 'Fantasy', 'Romance']",
310,63710,2011-06-23,"['Music', 'Comedy', 'Drama']",
311,57599,2011-04-01,"['Comedy', 'Documentary']",
312,177049,2012-04-13,['Drama'],
313,82492,2011-12-14,"['Thriller', 'Drama']",
314,169068,2013-03-22,"['Comedy', 'Romance']",
315,283384,2014-08-05,['Thriller'],
316,82533,2012-04-06,"['Comedy', 'Drama', 'Romance']",
317,288274,2011-06-01,"['Comedy', 'Drama']",
318,100057,2011-03-14,"['Comedy', 'Drama']",
319,45703,2011-03-23,"['Documentary', 'Drama', 'Family']",
320,319070,2015-01-25,"['History', 'Comedy', 'Documentary']",
321,132923,2011-11-14,"['Crime', 'Thriller']",
322,176079,2014-01-31,['Drama'],
323,82520,2011-02-10,['Drama'],
324,64458,2010-12-10,"['Comedy', 'Romance']",
325,128450,2012-07-27,['Family'],
326,123326,2012-03-02,[],
327,355254,2016-06-10,['Documentary'],
328,74308,2011-04-24,['Drama'],
329,143142,2013-04-25,"['Fantasy', 'Horror']",
330,77874,2011-09-02,"['Thriller', 'Mystery']",
331,51993,2011-07-01,"['Comedy', 'Drama']",
332,105794,2012-04-27,[],
333,413765,2017-02-15,['Documentary'],179554.0
334,73216,2011-08-22,"['War', 'Drama', 'History', 'Thriller']",
335,75345,2011-12-09,"['Drama', 'Thriller']",
336,53505,2011-02-11,['Documentary'],
337,47055,2010-11-08,['Documentary'],
338,82321,2011-08-10,['Drama'],
339,158227,2013-01-18,[],
340,297587,2013-11-10,['Documentary'],
341,72890,2012-09-07,['Comedy'],
342,55245,2010-01-01,['Documentary'],
343,77269,2011-09-09,['Documentary'],
344,69480,2010-09-01,['Documentary'],
345,219816,2013-09-06,"['Horror', 'Comedy']",
346,258284,2014-04-20,"['Thriller', 'Drama', 'Crime', 'Mystery']",
347,86820,2011-09-07,"['Drama', 'Science Fiction']",
348,100529,2012-04-24,['Comedy'],
349,51248,2011-11-11,"['Horror', 'Thriller']",
350,123105,2012-09-13,"['Horror', 'Science Fiction', 'Thriller']",
351,65599,2011-10-14,"['Drama', 'Horror']",
352,392820,2016-10-28,"['Music', 'Documentary']",
353,58547,2012-09-14,"['Comedy', 'Drama']",
354,137960,2014-05-16,['Comedy'],
355,375183,2017-05-18,['Drama'],
356,295030,,[],
357,115166,2011-04-06,"['Documentary', 'Crime']",
358,464733,2017-10-06,['Drama'],
359,91352,2011-04-22,"['Documentary', 'Music', 'Romance']",
360,90873,2011-04-29,"['Documentary', 'Music']",
361,286971,2013-09-05,"['Thriller', 'Mystery', 'Adventure', 'Romance', 'Horror', 'Fantasy']",
362,253344,2015-07-16,['Comedy'],
363,89325,2012-04-20,"['Drama', 'Romance']",
364,342786,2015-06-19,['Documentary'],
365,579111,2010-08-27,[],
366,54793,2010-11-22,['Documentary'],
367,83125,2011-04-01,"['Comedy', 'Romance']",19000.0
368,119458,2012-08-10,"['Thriller', 'Drama']",500000.0
369,203933,2013-07-03,['Documentary'],
370,82689,2011-12-14,['Documentary'],
371,274504,2016-04-15,['Thriller'],
372,84198,2012-03-22,['Documentary'],
373,80387,2012-01-20,"['Documentary', 'Music', 'Romance']",
374,82932,2011-02-11,['Documentary'],
375,88847,2010-10-22,['Documentary'],
376,174324,2013-08-04,['Documentary'],
377,77881,2011-07-01,"['Documentary', 'Crime']",
378,103661,2011-06-10,['Comedy'],
379,100825,2011-06-22,"['Documentary', 'Music']",
380,92398,2011-10-22,"['Horror', 'Thriller']",
381,74310,2011-10-04,['Documentary'],
382,75719,2011-10-19,"['Documentary', 'Drama', 'History']",
383,123242,2012-09-21,['Comedy'],
384,188984,2012-04-04,['Drama'],
385,403336,2012-11-02,"['Comedy', 'Drama', 'Romance']",
386,67273,2011-06-17,['Documentary'],
387,127540,2012-09-28,['Documentary'],
388,130712,2011-06-18,"['Music', 'Drama', 'War']",
389,437063,,['Drama'],
390,156268,2013-03-22,['Comedy'],
391,106344,2012-12-07,"['Documentary', 'Drama']",
392,84226,2011-09-15,"['Action', 'Drama', 'Horror', 'Science Fiction']",
393,83732,2011-10-14,"['Documentary', 'Drama']",
394,104250,2011-04-15,"['Documentary', 'Drama', 'History']",
395,471859,2019-05-10,"['Drama', 'Crime']",
396,226279,2011-05-20,['Documentary'],
397,93837,2012-12-06,"['Action', 'Comedy']",
398,245906,2015-04-22,"['Comedy', 'Romance']",
399,100046,2012-04-27,"['Comedy', 'Drama', 'Romance']",
400,207933,2014-10-23,['Thriller'],
401,83330,2011-10-19,['Comedy'],
402,135595,2012-09-27,"['Drama', 'Thriller']",
403,80767,2011-06-11,['Documentary'],
404,220494,2013-11-22,['Documentary'],
405,67885,2011-06-06,"['Documentary', 'Drama']",
406,253295,2014-12-31,"['Documentary', 'Drama']",
407,346681,2017-03-24,"['Comedy', 'Drama']",
408,94671,2013-07-25,['Drama'],
409,75761,2012-01-23,"['Horror', 'Comedy']",
410,102640,2011-07-07,['Drama'],
411,79201,2011-04-24,"['Documentary', 'Music']",
412,178290,2013-11-29,"['Documentary', 'Music']",
413,82624,2011-02-18,['Drama'],
414,75301,2011-10-21,['Documentary'],
415,79042,2011-06-22,"['Documentary', 'Crime', 'History']",
416,63144,2011-04-29,['Documentary'],
417,54358,2011-08-01,['Documentary'],
418,135308,2012-09-28,[],
419,91367,2012-01-13,['Documentary'],
420,53328,2011-06-03,['Documentary'],
421,81716,2011-09-09,['Documentary'],
422,84407,2012-01-20,['Documentary'],
423,84338,2012-04-12,"['Drama', 'Thriller']",
424,75785,2011-11-02,"['Music', 'Documentary', 'Drama', 'Comedy']",
425,74943,2011-04-08,"['Comedy', 'Horror', 'Science Fiction']",
426,87440,2012-04-20,"['Comedy', 'Drama']",
427,94352,2012-11-09,"['Fantasy', 'Family', 'Music', 'Drama']",
428,96556,2012-04-20,['Documentary'],
429,105788,2012-04-20,"['Drama', 'Romance']",
430,95808,2012-10-19,['Documentary'],
431,225974,2013-05-15,"['Drama', 'Action', 'Science Fiction']",
432,101149,2012-03-02,"['Documentary', 'Music']",
433,87828,2012-01-27,"['Documentary', 'Adventure']",
434,83443,2011-09-08,['Documentary'],
435,91370,2012-04-27,['Documentary'],
436,94204,2012-01-31,"['Crime', 'Drama', 'Mystery', 'Thriller']",
437,80195,2011-01-01,['Horror'],
438,110112,2012-08-08,"['Action', 'Comedy']",
439,161303,2013-02-06,[],
440,174316,2013-11-06,"['Comedy', 'Romance']",
441,218784,2015-10-30,"['Science Fiction', 'Comedy', 'Horror']",
442,81670,2011-07-29,"['Animation', 'Adventure', 'Family', 'Comedy']",
443,136466,2013-08-23,"['Drama', 'Comedy', 'Romance']",175000.0
444,128073,2013-05-03,['Drama'],
445,159154,2013-05-24,['Documentary'],
446,121106,2011-03-10,['Documentary'],
447,84191,2013-03-01,['Drama'],
448,198210,2013-07-19,"['Horror', 'Thriller', 'Mystery']",
449,89595,2012-06-07,['Documentary'],
450,79548,2012-02-23,"['Drama', 'Thriller', 'Mystery']",
451,101731,2012-07-06,"['Comedy', 'Drama']",
452,102652,2011-04-06,['Comedy'],
453,139571,2012-10-11,"['Drama', 'Comedy', 'Romance']",
454,579081,2016-08-12,[],
455,579103,2011-03-12,[],
456,84169,2012-06-14,['Documentary'],
457,82929,2011-11-04,['Drama'],
458,75760,2011-05-03,"['Documentary', 'History']",
459,61488,2011-04-05,"['Documentary', 'Music']",
460,118677,2012-08-17,"['Comedy', 'Drama']",
461,86723,2011-09-09,['Documentary'],
462,289561,2013-10-03,"['Comedy', 'Drama']",
463,105525,2012-05-18,['Documentary'],
464,82620,2011-12-12,['Documentary'],
465,83040,2011-06-17,"['Documentary', 'Drama']",
466,289723,2015-03-10,"['Mystery', 'Thriller']",
467,84917,2012-01-20,['Documentary'],
468,65058,2011-06-24,['Documentary'],
469,244580,2014-01-19,"['Drama', 'Music']",
470,123107,2013-10-18,"['Horror', 'Comedy', 'Thriller']",
471,98886,2012-06-20,['Documentary'],
472,79327,2011-11-07,"['Animation', 'Family']",
473,82631,2012-09-28,['Drama'],
474,121211,2012-12-21,"['Drama', 'Comedy', 'Romance']",
475,139998,2012-01-23,"['Drama', 'Comedy']",
476,99367,2014-02-14,['Comedy'],
477,287424,2015-05-08,"['Horror', 'Drama', 'Mystery']",4000000.0
478,73350,2011-06-24,"['Music', 'Documentary']",
479,146578,2013-02-09,['Action'],
480,62008,2012-02-23,"['Comedy', 'Drama', 'Romance']",
481,214096,2013-09-06,['Drama'],
482,114562,2011-10-15,"['Drama', 'Documentary']",
483,490794,2018-09-07,['Documentary'],
484,168051,2013-05-03,['Documentary'],
485,105528,2012-05-25,"['Drama', 'Family']",
486,83869,2013-06-21,"['Comedy', 'Drama']",
487,139705,2012-10-26,['Documentary'],
488,84317,2012-10-19,['Drama'],
489,74306,2011-09-09,"['Comedy', 'Drama']",
490,121822,2012-09-11,['Mystery'],
491,262211,2012-04-03,[],
492,198287,2013-07-06,"['Drama', 'Fantasy', 'Science Fiction', 'Thriller']",
493,84178,2012-01-21,"['Thriller', 'Horror']",
494,183538,2012-11-02,['Drama'],
495,330115,2014-11-08,"['Comedy', 'Drama']",
496,127374,2012-09-07,['Drama'],
497,97610,2012-11-28,"['Documentary', 'Music']",
498,72845,2011-09-23,"['Drama', 'Documentary', 'History']",
499,70706,2013-01-22,['Drama'],
500,112200,2013-09-19,"['Comedy', 'Drama']",
501,548859,2017-12-21,"['Horror', 'Mystery']",
502,87436,2013-03-08,['Horror'],
503,203835,2017-07-20,"['Thriller', 'Horror']",
504,137376,2012-10-12,['Drama'],
505,121789,2012-08-30,"['Drama', 'Thriller']",
506,192394,2013-04-05,"['Drama', 'Adventure']",
507,140846,2011-06-15,"['Comedy', 'Drama']",
508,171698,2012-09-19,[],
509,151693,2012-01-07,['Drama'],
510,226458,2015-01-16,"['Thriller', 'Horror']",
511,277355,2015-02-26,"['Thriller', 'Action']",
512,415766,2016-10-06,"['Comedy', 'Romance']",
513,340190,2015-05-22,['Comedy'],600000.0
514,152736,2014-04-28,"['Crime', 'Drama', 'Thriller']",
515,257173,2012-05-04,"['Music', 'Crime', 'Drama']",
516,93087,2011-09-11,"['Music', 'Documentary']",
517,139933,2012-11-07,"['Thriller', 'Horror', 'Romance']",
518,105677,2012-03-30,['Documentary'],
519,163710,2014-03-25,['Drama'],
520,84333,2012-12-14,"['Comedy', 'Romance']",
521,256969,2014-03-15,"['Drama', 'War', 'Thriller']",
522,491627,2018-10-26,"['Drama', 'Comedy', 'Romance']",
523,184866,2013-04-05,['Thriller'],
524,119457,2012-08-24,['Comedy'],
525,75442,2011-11-18,['Documentary'],
526,77365,2011-11-11,"['Documentary', 'Crime']",
527,139997,2012-04-21,"['Drama', 'Romance']",
528,124069,2012-10-15,['Documentary'],
529,340247,2015-09-11,"['Action', 'Drama']",
530,140222,2013-03-22,"['Drama', 'Romance']",
531,147764,2012-04-27,"['Western', 'Comedy', 'Drama']",
532,84312,2012-08-03,['Drama'],
533,84194,2012-09-12,"['Drama', 'Horror']",
534,279998,2014-08-25,"['Thriller', 'Horror', 'Science Fiction']",
535,79781,2012-03-09,['Drama'],
536,207850,2013-09-06,[],
537,127239,2012-08-07,"['Family', 'Fantasy']",
538,124470,2014-03-17,['Horror'],
539,84328,2012-08-10,['Drama'],
540,86850,2012-03-28,['Documentary'],
541,279972,2015-02-20,"['Thriller', 'Mystery', 'Horror', 'Fantasy', 'Science Fiction', 'Drama']",
542,87822,2012-04-13,['Drama'],
543,74510,2011-09-09,['Comedy'],
544,158907,2013-01-18,['Drama'],
545,127497,2012-09-21,['Drama'],
546,158743,2013-07-17,['Comedy'],
547,89874,2011-09-11,"['Comedy', 'Documentary', 'Drama']",
548,180813,2013-05-08,"['Documentary', 'Music']",
549,105121,2012-06-21,['Documentary'],
550,137683,2012-08-13,"['Comedy', 'Drama']",
551,199928,2018-03-09,"['Crime', 'Drama', 'Mystery']",
552,84290,2012-02-25,"['Drama', 'Romance']",
553,172847,2013-08-23,"['Drama', 'Thriller']",
554,110354,2012-08-19,['Documentary'],
555,97609,2013-01-22,"['Comedy', 'Romance']",
556,214671,2013-10-25,['Documentary'],
557,74007,2011-09-30,['Documentary'],
558,355019,2015-02-13,"['Comedy', 'Crime']",
559,158739,2013-09-12,"['Crime', 'Drama', 'Thriller']",
560,121677,2013-03-17,['Thriller'],
561,173210,2013-06-20,['Documentary'],
562,91679,2012-11-09,['Drama'],
563,94887,2012-05-17,"['Drama', 'Thriller']",
564,433829,2017-05-08,"['Adventure', 'Science Fiction']",
565,171721,2012-03-10,['Documentary'],
566,253851,2014-03-14,"['Comedy', 'Romance']",
567,119738,2012-08-24,"['Comedy', 'Family']",587211.0
568,82269,2011-10-05,['Documentary'],
569,72841,2011-09-09,['Documentary'],
570,105978,2012-06-29,"['Music', 'Documentary']",
571,157823,2014-04-23,"['Thriller', 'Drama']",
572,124461,2013-02-08,['Comedy'],
573,192712,2014-06-13,"['Drama', 'Action']",
574,347945,2015-07-22,"['Thriller', 'Mystery', 'Science Fiction']",
575,209108,2013-08-15,"['Romance', 'Drama']",
576,285689,2014-04-24,"['Documentary', 'Music']",
577,250671,2014-01-20,['Documentary'],
578,174772,2013-06-27,"['Science Fiction', 'Thriller']",125687.0
579,82639,2012-09-21,['Documentary'],
580,199591,2013-04-17,"['Thriller', 'Drama']",
581,111103,2011-09-04,['Documentary'],
582,174321,2013-05-16,"['Comedy', 'Drama', 'Romance']",
583,88842,2011-10-27,['Documentary'],
584,134666,2013-12-04,['Comedy'],
585,330947,2017-03-17,"['Drama', 'Romance']",10000000.0
586,102596,2012-05-18,"['Documentary', 'War']",
587,84281,2012-09-07,"['Drama', 'Comedy', 'Romance']",
588,286247,2012-11-14,[],
589,137563,2013-06-27,"['Documentary', 'Music']",
590,286530,2014-06-01,[],
591,142916,2012-11-17,['Documentary'],
592,206821,2014-09-05,"['Comedy', 'Drama']",
593,105526,2012-12-14,['Drama'],
594,126186,2012-05-03,"['Romance', 'Comedy', 'Drama']",
595,270064,2013-10-12,"['Romance', 'Comedy', 'Horror']",
596,189755,2013-05-05,"['Horror', 'Comedy']",
597,97006,2013-03-29,['Drama'],
598,215830,2013-08-13,"['Horror', 'Thriller', 'Mystery']",
599,130936,2012-09-28,['Documentary'],
600,84309,2012-01-01,['Documentary'],
601,84319,2012-01-30,"['Comedy', 'Animation', 'Drama', 'Romance']",
602,189357,2012-10-05,['Drama'],
603,121831,2012-09-12,['Documentary'],
604,103734,2012-10-12,['Documentary'],
605,75757,2011-10-12,['Documentary'],
606,159622,2013-07-12,['Documentary'],
607,163197,2013-05-17,[],
608,102867,2012-05-01,"['Romance', 'Documentary', 'Comedy']",
609,84330,2012-10-26,['Documentary'],
610,133823,2012-02-11,['Documentary'],
611,139572,2013-08-02,[],
612,193796,2012-10-09,['Documentary'],
613,257113,2014-03-08,[],
614,309889,2015-03-15,"['Horror', 'Thriller']",
615,258805,2014-05-02,"['Comedy', 'Fantasy']",
616,106049,2012-04-21,['Documentary'],
617,84192,2012-10-05,['Documentary'],
618,183662,2013-03-13,['Thriller'],
619,301348,2016-03-22,"['Drama', 'Comedy', 'History']",
620,288778,2015-06-26,"['Drama', 'Thriller']",
621,91739,2012-09-08,['Comedy'],
622,116340,2012-06-16,"['Drama', 'Western']",
623,207766,2013-08-25,"['Drama', 'Thriller']",
624,473749,2017-09-01,"['Documentary', 'War']",
625,291264,2016-04-16,"['Comedy', 'Drama', 'Mystery']",
626,387892,2015-03-01,"['Family', 'Animation', 'Comedy']",
627,87434,2012-03-01,['Drama'],
628,86835,2015-02-08,"['Romance', 'Drama']",
629,89638,2012-05-11,['Documentary'],
630,84348,2012-07-28,"['Thriller', 'Horror']",
631,458877,2012-01-01,['Comedy'],
632,174682,2013-04-21,"['Horror', 'Thriller']",
633,84187,2012-11-09,"['Comedy', 'Drama']",
634,158908,2013-10-11,['Drama'],
635,111949,2012-08-24,"['Documentary', 'Western']",
636,268171,2014-03-07,"['Comedy', 'Romance', 'Drama']",10000000.0
637,151595,2014-11-07,['Documentary'],
638,174352,2013-10-02,['Documentary'],
639,84288,2012-01-20,"['Crime', 'Drama', 'History', 'Documentary']",
640,275696,2014-01-04,['Drama'],
641,84166,2012-01-21,"['Drama', 'Romance']",
642,84286,2012-09-20,['Documentary'],
643,174368,2013-04-20,['Documentary'],
644,84190,2012-09-07,['Documentary'],
645,744979,2013-01-01,['Horror'],165000.0
646,105790,2012-04-27,['Documentary'],
647,225132,2013-10-02,"['Crime', 'Mystery', 'Thriller']",
648,247906,2012-10-06,[],
649,199647,2012-11-16,"['Drama', 'Romance']",
650,277547,2014-09-26,"['Comedy', 'Romance']",
651,89237,2012-07-11,['Drama'],
652,528526,2017-06-06,['Drama'],
653,97607,2012-09-23,"['Drama', 'Comedy']",
654,174337,2014-02-07,"['Comedy', 'Drama']",
655,286554,2014-09-26,"['Romance', 'Comedy']",
656,336313,2015-10-02,"['Fantasy', 'Comedy', 'Animation', 'Adventure']",
657,137312,2013-02-22,['Comedy'],
658,110550,2013-10-04,['Drama'],
659,287501,2015-07-10,"['Romance', 'Comedy', 'Drama']",
660,448095,2018-09-27,"['Thriller', 'Fantasy']",
661,120271,2012-06-20,['Documentary'],
662,272160,2014-07-25,['Comedy'],
663,209556,2013-06-06,"['Documentary', 'Comedy', 'Drama']",
664,370729,2015-12-25,"['Fantasy', 'Drama', 'Family']",
665,250745,2014-11-14,['Documentary'],
666,298833,2014-10-31,"['Romance', 'Fantasy', 'Horror']",
667,250777,2014-08-22,['Documentary'],
668,156700,2013-01-19,"['Comedy', 'Drama']",
669,531164,2018-08-28,['Documentary'],
670,306948,2013-05-17,[],
671,253310,2014-07-02,['Comedy'],
672,140447,2012-04-19,['Drama'],
673,216412,2013-09-06,['Thriller'],
674,142115,2013-06-19,"['Drama', 'Romance']",
675,158752,2013-10-11,"['Horror', 'Comedy']",650.0
676,250705,2014-08-01,"['Documentary', 'Music']",
677,174309,2013-04-20,['Documentary'],
678,416673,2018-06-08,"['Drama', 'Comedy', 'Family']",
679,158884,2013-09-06,['Drama'],100000.0
680,184149,2013-06-21,['Documentary'],
681,111969,2013-06-14,"['Drama', 'Comedy']",
682,207021,2013-09-20,['Documentary'],
683,185471,2013-07-25,"['Action', 'Science Fiction', 'Adventure']",8000000.0
684,159008,2013-01-19,['Documentary'],
685,291817,2015-03-13,['Documentary'],
686,124080,2012-09-11,['Documentary'],
687,184846,2013-11-15,['Documentary'],
688,708608,2012-07-23,['Documentary'],
689,215881,2013-09-13,['Thriller'],
690,134413,2012-09-21,['Documentary'],
691,114750,2014-10-17,"['Drama', 'Comedy']",1000000.0
692,180369,2013-04-03,[],
693,140174,2012-10-27,"['Action', 'Horror', 'Thriller']",
694,138217,2013-02-01,"['History', 'Documentary']",
695,127505,2012-09-21,['Documentary'],
696,117055,2012-04-29,"['Horror', 'Thriller']",
697,160706,2012-07-19,[],
698,115199,2012-06-15,"['Comedy', 'Science Fiction', 'Music']",
699,262481,2014-04-18,"['History', 'Comedy', 'Documentary']",
700,172542,2013-11-08,"['Crime', 'Drama']",
701,125034,2012-08-17,['Documentary'],
702,270754,2013-09-01,['Documentary'],
703,214030,2013-09-07,['Comedy'],
704,302243,2012-01-01,[],
705,157028,2006-08-29,[],
706,274564,2013-06-21,['Comedy'],
707,339994,2016-09-16,"['Drama', 'Crime', 'Thriller']",
708,172533,2013-08-23,"['Romance', 'Drama']",
709,361505,2015-07-07,"['Romance', 'Comedy', 'Drama']",
710,159638,2013-01-20,"['Comedy', 'Horror']",
711,140479,2012-09-29,[],
712,245706,2015-04-17,"['Crime', 'Drama', 'History']",
713,172828,2013-08-28,"['Comedy', 'Horror']",
714,108540,2012-05-18,['Documentary'],
715,574163,2019-03-01,"['History', 'Drama']",
716,268536,2013-11-11,['Drama'],
717,174345,2013-04-20,['Documentary'],
718,136585,2013-05-16,"['Comedy', 'Horror', 'Science Fiction']",
719,160606,2012-06-19,"['Documentary', 'Drama', 'History', 'Music']",
720,204349,2013-07-07,"['Horror', 'Thriller']",
721,96088,2012-03-01,['Documentary'],
722,272692,2014-08-22,['Horror'],
723,157016,2013-01-23,['Documentary'],
724,272418,2015-03-27,"['Mystery', 'Drama', 'Crime', 'Thriller']",
725,222465,2012-12-01,['Horror'],
726,193346,2013-07-03,['Documentary'],
727,445040,2017-11-03,"['Drama', 'History']",
728,111170,2013-02-22,['Thriller'],
729,157360,2013-08-09,['Comedy'],1000000.0
730,102862,2013-09-13,['Documentary'],
731,104155,2012-05-18,['Documentary'],
732,169642,2013-10-11,['Comedy'],
733,214140,2014-02-17,"['Crime', 'Drama', 'Thriller']",
734,156965,2013-01-17,['Drama'],
735,203834,2014-11-07,"['Thriller', 'Horror']",1000000.0
736,105555,2012-03-02,['Documentary'],
737,127929,2012-08-17,['Documentary'],
738,135338,2012-03-31,['Documentary'],
739,157117,2013-01-18,"['Documentary', 'Music']",
740,159128,2013-09-27,"['Drama', 'Horror', 'Thriller']",
741,232469,2013-04-03,['Documentary'],
742,156708,2013-08-30,"['Comedy', 'Drama']",
743,215931,2013-09-08,['Drama'],
744,222136,2014-08-15,"['Comedy', 'Drama']",
745,283601,2018-10-10,['Thriller'],
746,192142,2014-01-18,"['Drama', 'History']",
747,134409,2012-03-11,['Documentary'],
748,241573,2013-04-06,['Documentary'],
749,237584,2015-04-18,['Thriller'],
750,252171,2014-01-19,"['Horror', 'Romance']",1000000.0
751,153854,2013-01-19,['Drama'],
752,159652,2013-01-19,"['Comedy', 'Romance']",
753,127916,2012-09-09,"['Drama', 'Family']",
754,276909,2014-08-08,['Documentary'],
755,207936,2015-04-18,"['Music', 'Romance', 'Comedy', 'Drama']",
756,159631,2013-07-12,[],
757,257245,2014-03-08,['Drama'],
758,207267,2014-03-06,['Drama'],
759,121986,2013-05-17,"['Comedy', 'Drama']",
760,206284,2013-10-04,"['Drama', 'Music']",
761,121983,2012-09-09,['Documentary'],
762,277522,2014-06-20,['Drama'],
763,418697,2016-09-16,['Documentary'],
764,158936,2013-10-02,['Drama'],
765,159002,2013-08-16,['Documentary'],
766,241432,2014-09-26,"['Drama', 'Comedy']",
767,159142,2013-10-04,['Documentary'],
768,228692,2014-04-23,"['Animation', 'Comedy', 'Drama']",
769,154282,2013-09-06,['Drama'],
770,495965,2015-04-15,[],
771,169813,2013-08-23,['Drama'],
772,421792,2018-08-01,"['Thriller', 'Drama', 'Fantasy', 'Horror']",
773,121667,2012-10-06,['Documentary'],
774,290207,2014-09-12,"['Drama', 'Comedy']",
775,266764,2014-06-14,"['Romance', 'Comedy', 'Documentary']",
776,124067,2012-05-24,['Documentary'],
777,214075,2014-05-22,"['Comedy', 'Drama', 'Romance']",
778,253807,2014-02-05,"['Documentary', 'Drama']",
779,250657,2014-05-09,['Documentary'],
780,146243,2013-10-09,['Horror'],
781,268060,2014-04-12,"['Thriller', 'Drama']",
782,159988,2013-10-11,['Documentary'],
783,241261,2014-06-06,['Thriller'],8000000.0
784,568428,2018-05-17,"['Adventure', 'Action', 'Fantasy', 'Family']",
785,152748,2013-07-03,"['Crime', 'Drama', 'Romance', 'Western']",4000000.0
786,172469,2014-02-07,['Comedy'],
787,217471,2013-09-01,['Drama'],
788,209799,2013-08-29,['Documentary'],
789,261817,2014-04-17,"['Drama', 'Family', 'Thriller']",
790,237756,2015-04-10,"['Comedy', 'Thriller', 'Mystery']",
791,342165,2016-03-25,"['Drama', 'Crime', 'Mystery']",
792,414425,2017-11-16,['Drama'],10000000.0
793,306947,2015-08-05,['Thriller'],1000000.0
794,181106,2013-05-03,['Comedy'],
795,542896,2018-07-31,['Documentary'],
796,246011,2014-06-06,['Comedy'],
797,146778,2012-12-11,"['Romance', 'Comedy', 'Drama']",
798,173917,2014-05-24,['Drama'],
799,174319,2013-04-09,['Documentary'],
800,259014,2014-04-17,"['Comedy', 'Thriller', 'Drama']",
801,323348,2012-12-08,"['Romance', 'Comedy']",
802,523602,2013-06-23,['Documentary'],
803,228064,2013-09-03,"['Science Fiction', 'Thriller']",
804,307931,2015-06-12,['Documentary'],
805,355545,2014-01-31,['Documentary'],
806,169853,2013-04-29,['Documentary'],
807,362322,2014-06-01,[],
808,297236,2014-04-26,"['Thriller', 'Crime', 'Drama']",
809,158994,2013-09-20,"['Documentary', 'Drama']",
810,318954,2015-04-06,"['Action', 'Adventure', 'Drama']",
811,288691,2014-08-29,"['Drama', 'Comedy']",
812,261820,2014-12-17,"['Comedy', 'Drama', 'Romance']",
813,173205,2013-03-07,['Documentary'],
814,159117,2013-06-06,"['Horror', 'Thriller', 'Science Fiction', 'Fantasy', 'Mystery']",
815,214091,2013-09-06,['Drama'],
816,159153,2013-01-20,['Documentary'],
817,317978,2014-10-14,['Documentary'],
818,290743,2014-01-01,"['Drama', 'Documentary', 'Adventure']",
819,168864,2013-09-13,"['Documentary', 'Family']",
820,200119,2013-06-07,"['Documentary', 'Family', 'History']",
821,296523,2015-09-12,"['Thriller', 'Drama']",
822,296178,2014-10-04,"['Comedy', 'Drama', 'Romance']",
823,187596,2014-05-02,['Comedy'],
824,186776,2013-01-13,['Documentary'],
825,169864,2013-09-20,['Documentary'],
826,339158,2015-06-13,['Documentary'],
827,173188,2013-03-14,['Documentary'],
828,192132,2014-05-09,['Drama'],
829,159137,2013-03-25,['Documentary'],
830,190193,2013-04-30,['Documentary'],
831,243935,2014-03-21,"['Crime', 'Drama']",
832,457799,2019-05-02,"['Thriller', 'Crime', 'Drama']",
833,308425,2014-06-05,['Drama'],
834,259954,2014-04-19,"['Comedy', 'Romance']",
835,284284,2014-09-25,"['Drama', 'Western']",
836,174688,2013-08-23,['Documentary'],
837,241843,2014-10-10,"['Comedy', 'Horror']",
838,276883,2014-06-19,['Documentary'],
839,159151,2013-08-16,"['Documentary', 'History', 'Music']",
840,238475,2014-01-31,['Comedy'],
841,159012,2013-11-22,"['Crime', 'Documentary']",
842,278771,2012-01-01,"['Drama', 'Horror']",
843,171795,2013-10-18,['Documentary'],
844,174678,2013-05-02,"['Horror', 'Thriller', 'Drama']",
845,149234,2012-06-14,"['Action', 'Horror', 'Science Fiction']",
846,289727,2014-06-15,"['Romance', 'Comedy']",
847,259611,2014-07-31,"['Western', 'Drama']",
848,258193,2014-04-04,"['Horror', 'Science Fiction', 'Thriller']",
849,210047,2013-09-20,"['Crime', 'Drama', 'Thriller']",
850,336268,2015-04-19,[],
851,262357,2013-04-05,['Drama'],
852,253337,2014-03-15,"['Documentary', 'Family', 'History', 'Music']",
853,313705,2016-08-26,['Documentary'],
854,271164,2014-09-26,"['Music', 'Romance', 'Drama']",
855,303179,2014-11-14,"['Music', 'Drama', 'Family']",
856,507525,2018-10-26,"['Comedy', 'Drama', 'Romance']",
857,391698,2016-09-15,['Documentary'],
858,159004,2013-01-18,"['Documentary', 'Drama', 'Crime']",
859,328726,2012-10-26,[],
860,207768,2013-08-25,"['Thriller', 'Horror', 'Crime']",
861,333287,2015-08-19,"['Romance', 'Comedy']",
862,217921,2013-03-30,['Documentary'],
863,383731,2017-08-19,"['Drama', 'History']",
864,158997,2013-10-18,['Documentary'],
865,158999,2013-06-07,['Documentary'],
866,159000,2013-01-20,['Documentary'],
867,318279,2015-01-25,"['Adventure', 'Documentary']",
868,339355,2015-06-05,['Comedy'],
869,171741,2013-05-01,[],
870,250668,2014-01-19,['Documentary'],
871,276922,2014-07-25,['Horror'],
872,173488,2013-08-16,['Documentary'],
873,169760,2014-01-17,"['Adventure', 'Documentary']",
874,365491,2015-10-27,"['Drama', 'Romance', 'Thriller']",
875,302828,2014-11-22,"['War', 'Adventure']",
876,174373,2013-04-22,['Documentary'],
877,228109,2014-11-21,"['Comedy', 'Drama', 'Family']",
878,259261,2013-08-15,['Documentary'],
879,507109,2015-01-01,"['Drama', 'Horror', 'Thriller']",
880,384687,2016-03-18,"['Drama', 'Horror', 'Thriller']",
881,278632,2015-01-03,"['Thriller', 'Horror']",
882,421471,2017-03-16,"['Drama', 'Comedy']",
883,291348,2014-10-17,['Drama'],
884,254188,2014-03-09,['Horror'],
885,306943,2017-04-14,['Comedy'],
886,336455,2016-02-18,"['Drama', 'Horror', 'Science Fiction']",
887,401032,2016-10-07,['Drama'],250000.0
888,222885,2012-10-18,['Documentary'],
889,344491,2015-06-12,['Drama'],
890,317954,2016-03-11,['Documentary'],
891,300665,2017-09-14,"['Horror', 'Thriller', 'Mystery']",
892,259963,2014-04-20,['Drama'],
893,333295,2017-03-09,['Documentary'],
894,280668,2014-01-01,"['Music', 'Documentary']",133443.0
895,169800,2014-04-02,"['Western', 'Drama', 'History', 'Adventure']",
896,191502,2013-12-13,['Documentary'],
897,261036,2014-04-18,"['Family', 'Comedy', 'Drama']",
898,334684,2016-04-15,['Documentary'],
899,244268,2014-02-07,['Drama'],
900,277479,2013-11-07,"['Western', 'Documentary', 'Family']",
901,497985,2018-02-02,"['Science Fiction', 'Action', 'Adventure']",
902,253303,2015-03-06,"['Comedy', 'Drama', 'Crime']",
903,409583,2016-08-02,"['Comedy', 'Romance']",
904,273271,2014-05-24,"['Thriller', 'Science Fiction', 'Mystery']",
905,259999,2014-08-08,['Documentary'],
906,328429,2016-06-03,"['Thriller', 'Drama', 'Science Fiction']",
907,177703,2013-10-18,"['Documentary', 'Music']",
908,346134,2016-09-16,"['Comedy', 'Drama']",
909,321497,2015-04-24,"['Mystery', 'Drama', 'Thriller']",
910,251220,2014-01-17,['Documentary'],
911,414454,2018-03-02,['Drama'],
912,201550,2013-06-22,['Drama'],
913,216415,2013-08-30,[],
914,224903,2013-09-13,['Thriller'],
915,187978,2013-08-30,"['Documentary', 'History']",
916,280002,2014-08-25,"['Thriller', 'Horror']",
917,169607,2014-03-21,['Documentary'],
918,373541,2014-09-10,"['Horror', 'Mystery', 'Thriller']",
919,370414,2015-04-01,['Documentary'],
920,305943,2016-12-16,"['Drama', 'Thriller']",
921,260176,2013-11-18,['Drama'],
922,169448,2013-10-02,['Documentary'],
923,174351,2013-10-15,"['War', 'Documentary']",
924,178445,2013-03-22,[],
925,195389,2013-07-05,"['Horror', 'Thriller']",
926,173455,2013-09-19,"['Documentary', 'Music']",
927,329289,2015-04-07,['Horror'],
928,389323,2015-11-19,['Drama'],
929,295315,2014-11-07,"['Romance', 'Comedy']",
930,221800,2013-09-06,['Documentary'],
931,197696,2014-05-22,['Drama'],
932,201419,2014-06-20,['Documentary'],
933,184837,2013-04-15,"['Music', 'Documentary']",
934,227907,2013-09-13,['Horror'],
935,469062,2018-07-27,['Documentary'],
936,254474,2014-10-20,"['Horror', 'Action', 'Comedy']",
937,361050,2015-10-20,"['Mystery', 'Crime', 'Drama']",
938,284537,2014-09-05,"['Comedy', 'Drama']",
939,254194,2014-07-29,"['Horror', 'Drama']",
940,365997,2016-04-29,['Documentary'],
941,253259,2014-10-23,"['Comedy', 'Mystery', 'Romance']",
942,323051,2015-03-06,['Drama'],
943,220468,2013-07-12,['Drama'],
944,393425,2018-06-15,"['Thriller', 'Crime', 'Drama', 'Romance', 'Mystery']",
945,310043,2016-03-13,['Horror'],
946,429203,2018-09-27,"['Comedy', 'Crime', 'Drama']",
947,324289,2016-02-12,"['Romance', 'Drama']",
948,194104,2013-12-05,['Drama'],
949,260001,2014-12-05,"['Romance', 'Comedy']",
950,309245,2015-08-14,['Comedy'],
951,294544,2014-11-06,['Documentary'],
952,224815,2013-10-30,"['Thriller', 'Horror', 'Science Fiction']",
953,224076,2013-10-09,"['Thriller', 'Drama', 'Action']",
954,340223,2015-01-01,['Documentary'],
955,438181,2015-04-18,[],
956,248774,2014-06-06,"['Comedy', 'Romance']",
957,284289,2014-09-06,['Thriller'],
958,365052,2015-10-23,[],
959,358724,2014-04-04,"['Drama', 'Horror', 'Mystery', 'Thriller']",
960,262982,2016-12-16,"['Action', 'Drama', 'Thriller']",
961,322163,2015-03-06,"['Thriller', 'Horror', 'Action']",
962,513324,2018-05-11,"['Science Fiction', 'Action', 'Thriller']",
963,228358,2014-09-05,"['Mystery', 'Horror', 'Thriller']",
964,245158,2014-02-07,"['Crime', 'Documentary']",
965,193726,2014-10-02,['Horror'],
966,305030,2014-03-07,['Documentary'],
967,199423,2013-09-08,['Documentary'],
968,259405,2013-09-01,"['Documentary', 'Drama', 'Romance']",
969,203534,2013-07-12,['Comedy'],
970,376575,2016-11-09,"['Crime', 'Music', 'Thriller']",101.0
971,353686,2015-08-28,"['Thriller', 'Horror']",
972,333354,2017-01-02,"['Action', 'Adventure', 'Crime', 'Drama', 'Thriller']",
973,223632,2014-04-03,"['Documentary', 'Mystery', 'History', 'Crime']",
974,253296,2013-11-10,['Documentary'],
975,228108,2014-10-24,"['Comedy', 'Drama']",
976,276908,2014-12-05,"['Science Fiction', 'Comedy', 'Drama', 'Romance']",
977,242093,2014-05-29,"['Documentary', 'Music']",
978,258099,2015-04-24,"['Comedy', 'Drama', 'Romance']",
979,339145,2015-06-13,['Drama'],8245.0
980,247533,2014-10-31,[],
981,287523,2018-02-28,"['Horror', 'Action', 'Crime', 'Thriller', 'Fantasy']",
982,317560,2017-03-31,"['Comedy', 'Drama']",
983,230836,2013-06-20,"['History', 'Documentary']",
984,295992,2014-10-01,[],
985,263105,2015-02-06,"['Drama', 'Romance', 'Comedy']",
986,501989,2019-09-08,"['Comedy', 'Drama', 'Romance']",
987,322548,2016-10-28,"['Crime', 'Drama', 'Romance']",
988,338614,2015-04-25,['Documentary'],
989,333657,2015-05-29,['Drama'],
990,296879,2014-10-19,"['Drama', 'Music']",
991,223249,2013-06-21,['Documentary'],
992,253254,2014-10-11,['Drama'],
993,308324,2014-11-20,['Documentary'],
994,338928,2015-09-12,['Documentary'],
995,217664,2013-09-24,['Documentary'],
996,209416,2013-09-07,['Documentary'],
997,333097,2015-04-16,"['Documentary', 'Drama']",
998,298026,2014-10-06,"['Science Fiction', 'Crime', 'Horror']",
999,253270,2014-03-07,"['Drama', 'Comedy']",
1000,212063,2013-12-06,['Documentary'],
1001,433386,2017-02-03,"['Comedy', 'Drama', 'Music']",
1002,212849,2013-09-07,['Documentary'],
1003,218262,2013-08-31,['Drama'],
1004,277582,2014-03-24,['Documentary'],
1005,240745,2014-09-03,['Drama'],
1006,251736,2014-10-17,['Comedy'],
1007,311667,2016-05-20,"['Drama', 'Mystery', 'Thriller']",
1008,225044,2014-03-01,"['Drama', 'Music']",
1009,285270,2014-09-26,"['Drama', 'Comedy']",
1010,460654,2014-06-05,['Documentary'],
1011,217019,2013-08-02,['Documentary'],
1012,308077,2015-02-08,"['Comedy', 'Drama']",
1013,324174,2015-03-15,"['Drama', 'Comedy']",
1014,244260,2014-04-04,['Drama'],
1015,438440,2017-10-20,['Documentary'],
1016,253282,2014-02-09,['Drama'],
1017,316067,2015-01-23,"['Comedy', 'Documentary']",
1018,347841,2014-04-04,"['Adventure', 'Comedy']",
1019,272602,2014-05-30,"['Drama', 'Romance', 'Comedy']",
1020,309024,2015-01-26,['Drama'],
1021,520270,2018-12-07,"['Documentary', 'History']",
1022,261857,2014-04-19,"['Documentary', 'Music']",
1023,404782,2018-05-04,"['Science Fiction', 'Mystery', 'Fantasy']",
1024,288036,2015-06-26,['Comedy'],
1025,328901,2015-04-17,['Drama'],
1026,343880,2015-06-26,['Documentary'],
1027,331393,2016-07-15,"['Comedy', 'Drama', 'Family']",
1028,301804,2016-04-07,"['Drama', 'Fantasy', 'Horror', 'Thriller']",
1029,424388,2016-11-04,"['Drama', 'Comedy']",
1030,287322,2014-02-16,['Drama'],
1031,303854,2016-08-05,"['Romance', 'Comedy', 'Drama']",
1032,244536,2014-06-13,"['Thriller', 'Drama']",
1033,243352,2014-04-06,['Drama'],
1034,429415,2018-07-26,"['Action', 'Drama', 'Science Fiction', 'Thriller']",
1035,467632,2018-04-19,"['Thriller', 'Crime', 'Horror']",
1036,238215,2014-09-11,"['Fantasy', 'Comedy', 'Drama']",
1037,401546,2017-05-05,"['Drama', 'Thriller', 'Mystery']",
1038,378631,2018-01-25,"['Crime', 'Drama']",
1039,254120,2014-01-18,['Documentary'],
1040,257407,2014-11-07,['Documentary'],
1041,269100,2014-07-18,"['History', 'Documentary', 'Animation']",
1042,408106,2016-09-15,['Drama'],
1043,266686,2014-04-18,['Documentary'],
1044,481370,2018-10-13,['Drama'],
1045,264337,2015-01-16,['Drama'],
1046,395474,2017-09-01,['Comedy'],
1047,310121,2015-05-15,"['Drama', 'Comedy']",
1048,324307,2015-03-16,['Documentary'],
1049,332706,2015-04-16,"['Thriller', 'Drama']",
1050,336472,2014-11-01,['Documentary'],
1051,522482,2017-01-01,[],
1052,354143,2015-07-01,"['Comedy', 'Drama']",
1053,353378,2014-10-09,"['Romance', 'Comedy']",
1054,416602,2016-10-23,['Thriller'],
1055,490795,2018-01-22,['Documentary'],
1056,291874,2016-04-08,['Drama'],
1057,250660,2014-06-13,['Documentary'],
1058,324345,2015-02-07,['Documentary'],
1059,244563,2014-11-13,['Drama'],
1060,321486,2014-11-07,['Drama'],
1061,481880,2019-05-17,"['Drama', 'Crime']",
1062,250666,2014-10-10,"['Drama', 'Documentary']",
1063,256876,2014-08-13,"['Documentary', 'History']",
1064,238010,2013-11-14,"['Drama', 'Action', 'Crime']",
1065,332936,2015-03-27,"['Thriller', 'Drama', 'Romance']",
1066,258358,2014-05-09,['Documentary'],
1067,425507,2017-08-25,['Drama'],
1068,250658,2014-06-27,"['Documentary', 'Crime']",
1069,289891,2014-09-01,"['Drama', 'Family']",
1070,333377,2015-04-18,['Documentary'],
1071,324253,2015-10-16,['Documentary'],
1072,579076,2016-05-27,[],
1073,250761,2014-09-05,"['War', 'Documentary']",
1074,413579,2016-10-09,['Documentary'],
1075,287904,2017-01-11,['Drama'],
1076,342474,2015-07-31,"['Comedy', 'Drama']",
1077,331986,2019-04-05,['Drama'],
1078,253626,2015-04-09,['Drama'],
1079,362202,2017-01-13,"['Crime', 'Thriller']",20000000.0
1080,253253,2014-05-15,['Drama'],
1081,201734,2015-04-22,['Documentary'],
1082,286519,2014-09-04,"['Music', 'Drama']",
1083,257118,2014-04-08,['Comedy'],
1084,448252,2017-06-01,"['Horror', 'Mystery', 'Thriller']",
1085,358364,2016-04-07,"['Fantasy', 'Drama', 'Thriller', 'Crime']",
1086,277710,2016-01-08,"['Drama', 'Thriller']",
1087,312827,2015-06-05,"['Horror', 'Documentary']",
1088,287587,2014-09-08,"['Drama', 'Comedy']",
1089,269705,2014-12-05,['Documentary'],
1090,407803,2016-11-04,['Documentary'],
1091,401065,2017-01-20,['Horror'],
1092,246743,2014-01-18,"['Crime', 'Documentary']",
1093,335869,2015-11-06,"['Comedy', 'Drama', 'Romance']",
1094,342208,2015-06-11,"['Romance', 'Drama']",
1095,255798,2014-09-04,"['Comedy', 'Horror']",
1096,246133,2015-08-11,"['Drama', 'Comedy']",
1097,356901,2016-08-05,['Drama'],
1098,365128,2015-11-01,"['Documentary', 'Adventure', 'Drama', 'Family']",
1099,431111,2018-01-01,"['Fantasy', 'Drama', 'Action', 'Adventure']",
1100,306307,2015-01-20,['Horror'],
1101,323788,2015-11-06,['Mystery'],
1102,347757,2016-06-27,"['Horror', 'Thriller']",
1103,326256,2016-03-24,"['Family', 'Comedy', 'Drama']",
1104,241855,2014-10-08,"['Horror', 'Romance', 'Science Fiction']",
1105,296130,2015-08-07,"['Science Fiction', 'Horror']",
1106,446076,2017-03-31,"['Mystery', 'Thriller']",
1107,288916,2014-09-05,[],
1108,446841,2017-03-02,"['Thriller', 'Drama']",
1109,324283,2015-03-15,"['Comedy', 'Drama']",
1110,347866,2018-07-26,"['Drama', 'Comedy']",
1111,249688,2015-07-31,['Drama'],
1112,346558,2016-03-23,"['Action', 'Comedy', 'Crime']",
1113,476833,2017-09-19,"['Western', 'Drama', 'Mystery']",
1114,275164,2013-12-12,['Comedy'],
1115,339258,2015-02-09,['Drama'],
1116,309581,2015-07-31,"['Thriller', 'Drama']",
1117,523646,2019-11-15,['Documentary'],
1118,382399,2016-04-08,"['Drama', 'Music', 'Romance']",
1119,250779,2014-01-18,['Documentary'],
1120,418688,2016-05-26,['Documentary'],
1121,250756,2014-01-20,"['Documentary', 'Music']",
1122,319152,2015-06-22,['Documentary'],
1123,286548,2014-08-12,['Action'],
1124,309882,2014-01-14,['Documentary'],
1125,383267,2016-02-19,['Documentary'],
1126,366506,2015-10-01,"['Horror', 'Thriller']",
1127,312669,2016-04-27,"['Drama', 'Comedy', 'Romance']",
1128,367053,2014-10-17,['Comedy'],
1129,338107,2015-05-22,['Drama'],
1130,393603,2016-04-09,['Drama'],
1131,324245,2015-08-14,['Comedy'],
1132,253336,2014-03-11,"['Documentary', 'Music']",
1133,541099,2019-09-26,"['Comedy', 'Horror']",
1134,331583,2016-03-25,"['Drama', 'Thriller']",
1135,339934,2015-05-16,['Documentary'],
1136,284294,2014-09-07,['Drama'],
1137,352582,2016-10-06,['Comedy'],
1138,361588,2015-06-12,['Drama'],
1139,274906,2014-06-29,['Documentary'],
1140,310119,2016-05-13,"['Adventure', 'Drama', 'History']",
1141,334546,2018-12-04,"['Adventure', 'Drama', 'Western']",
1142,292177,2014-09-27,"['Family', 'Animation', 'Music']",
1143,256273,2014-07-25,['Comedy'],
1144,309298,2015-12-01,['Comedy'],
1145,358923,2016-06-10,"['Music', 'Documentary']",
1146,256503,2014-04-04,"['Documentary', 'Music']",
1147,340255,2015-04-27,"['Fantasy', 'Comedy', 'Drama']",
1148,308640,2015-09-09,['Drama'],
1149,253262,2014-03-09,['Documentary'],
1150,356332,2015-10-06,['Documentary'],
1151,261041,2014-04-20,['Documentary'],
1152,267872,2014-05-30,"['Documentary', 'War']",
1153,512412,2018-12-14,['Crime'],
1154,360203,2015-11-05,"['Action', 'Crime', 'Drama', 'Thriller']",25000.0
1155,336323,2017-03-03,[],
1156,381275,2016-04-27,['Documentary'],
1157,348951,2014-01-01,[],
1158,323370,2015-03-16,"['Horror', 'Science Fiction', 'Thriller']",
1159,267433,2014-06-09,['Documentary'],
1160,291356,2016-10-21,"['Crime', 'Thriller', 'Western', 'Action']",
1161,291413,2016-10-18,"['Horror', 'Thriller']",
1162,347944,2015-07-21,['Horror'],
1163,309521,2015-01-30,"['Science Fiction', 'Action']",
1164,317723,2014-06-27,"['Family', 'Adventure', 'Comedy']",
1165,340268,2019-01-04,['Drama'],
1166,456660,2017-09-29,"['Drama', 'Horror', 'Thriller']",
1167,265929,2014-09-19,['Documentary'],
1168,295592,2015-04-17,['Documentary'],
1169,321030,2016-04-08,"['Comedy', 'Drama', 'Music']",
1170,345932,2016-06-07,['Drama'],
1171,288789,2014-11-08,['Documentary'],
1172,254800,2015-08-19,"['Music', 'Drama']",
1173,331392,2017-02-03,"['Horror', 'Mystery', 'Thriller']",
1174,535415,2019-04-02,['Documentary'],
1175,411013,2017-04-21,['Documentary'],
1176,339148,2016-02-12,['Romance'],
1177,340816,2015-12-04,"['Comedy', 'Family', 'Romance']",
1178,295490,2015-08-21,"['Comedy', 'Drama']",
1179,267806,2014-10-23,"['Horror', 'Thriller']",
1180,340027,2017-02-22,['Drama'],
1181,345009,2016-10-06,['Thriller'],
1182,321974,2015-09-09,"['Documentary', 'Music']",
1183,446289,2017-11-08,"['Music', 'Drama', 'Romance']",
1184,291869,2015-01-29,['Drama'],
1185,362321,2014-05-23,['Documentary'],
1186,381011,2016-11-16,['Drama'],
1187,275060,2014-10-10,"['Drama', 'Romance']",
1188,295134,2014-10-31,['Documentary'],
1189,537751,2018-10-12,"['Drama', 'Crime']",
1190,278610,2014-08-22,[],
1191,309299,2015-10-16,"['Drama', 'History']",
1192,342169,2015-06-12,['Comedy'],
1193,314420,2015-01-25,"['Drama', 'Thriller']",
1194,290637,2015-09-16,['Horror'],
1195,359341,2015-10-30,['Drama'],
1196,305044,2015-04-08,"['Thriller', 'Action', 'Drama']",
1197,630689,2019-01-11,"['Comedy', 'Drama']",
1198,290504,2014-10-10,['Documentary'],
1199,476367,2018-11-09,['Drama'],
1200,502805,2019-10-18,"['Thriller', 'Horror']",
1201,333665,2015-06-01,"['Thriller', 'Drama']",
1202,378442,2015-10-27,['Documentary'],
1203,366324,2016-08-25,['Drama'],
1204,330112,2015-04-19,"['Drama', 'Romance', 'Comedy']",
1205,332502,2015-10-29,"['Mystery', 'Science Fiction', 'Thriller']",
1206,346651,2016-02-26,"['Action', 'Science Fiction', 'Horror']",
1207,406107,2017-05-12,"['Horror', 'Thriller']",
1208,348811,2015-08-03,"['War', 'Action']",
1209,378379,2015-11-14,"['History', 'Documentary']",
1210,332286,2015-04-17,"['History', 'Drama']",
1211,333378,2015-04-18,['Documentary'],
1212,330483,2016-02-04,"['Drama', 'Romance']",10000000.0
1213,436775,2017-09-12,['Horror'],
1214,392553,2015-09-26,['Documentary'],
1215,336007,2019-01-11,['Thriller'],
1216,294132,2015-05-29,['Comedy'],
1217,417056,2016-10-07,"['Crime', 'Drama', 'Mystery', 'Thriller']",
1218,469799,2017-08-04,"['Drama', 'Science Fiction']",
1219,298584,2016-02-12,['Horror'],
1220,308024,2015-06-19,"['Mystery', 'Comedy']",
1221,266881,2014-04-05,[],
1222,362185,2015-08-21,"['Thriller', 'Action', 'Drama']",
1223,595841,2019-10-25,['Documentary'],
1224,413857,2017-10-20,"['Horror', 'Comedy']",
1225,330916,2015-04-01,['Drama'],
1226,282084,2014-07-18,['Documentary'],
1227,339060,2015-06-05,"['Mystery', 'Drama', 'History', 'Family', 'Thriller']",
1228,337515,2016-09-09,"['Thriller', 'Drama']",
1229,320061,2015-06-26,"['Family', 'Documentary']",
1230,376562,2015-01-22,"['History', 'Documentary']",
1231,443463,2018-06-29,['Drama'],
1232,285020,2014-08-13,"['Drama', 'Romance']",
1233,415311,2017-04-23,"['Thriller', 'Drama']",
1234,392900,2016-10-07,['Drama'],
1235,287179,2014-08-15,['Documentary'],
1236,374052,2016-11-11,"['Fantasy', 'Romance', 'Horror']",
1237,324284,2016-01-08,['Drama'],
1238,329155,2015-05-08,"['Comedy', 'Drama', 'Romance']",
1239,459617,2017-05-31,"['Music', 'Documentary']",
1240,305342,2016-04-16,"['Romance', 'Comedy']",
1241,376233,2016-03-03,['Documentary'],
1242,285733,2014-08-30,"['Animation', 'Family']",
1243,438283,2017-02-03,"['Drama', 'Crime']",4000000.0
1244,347033,2016-07-29,['Drama'],
1245,328739,2015-03-13,"['Action', 'Adventure', 'Drama', 'Fantasy']",
1246,318973,2015-09-09,"['Thriller', 'Crime', 'Documentary']",
1247,332996,2016-01-08,['Drama'],
1248,597233,2020-03-06,"['Science Fiction', 'Drama', 'Action', 'Romance']",
1249,430231,2018-04-06,"['Science Fiction', 'Horror', 'Thriller']",1000000.0
1250,406431,2016-01-01,['Documentary'],
1251,300542,2015-02-07,"['Drama', 'Mystery', 'Thriller']",
1252,288301,2015-07-10,['Documentary'],
1253,413782,2016-11-25,['Documentary'],
1254,292834,2016-09-09,['Comedy'],
1255,291854,2014-10-10,"['Family', 'Documentary']",
1256,333674,2016-01-15,"['Drama', 'Thriller', 'Horror']",
1257,437041,2016-11-05,"['Comedy', 'Horror']",
1258,293310,2014-10-24,['Documentary'],
1259,388994,2017-09-21,"['Thriller', 'Drama', 'Horror', 'Fantasy']",
1260,296941,2014-10-17,['Documentary'],
1261,301339,2016-10-13,['Drama'],
1262,333675,2016-01-15,"['Adventure', 'Comedy', 'Crime', 'Thriller']",
1263,575314,2019-11-21,"['Horror', 'Thriller']",
1264,354979,2016-11-04,"['Drama', 'Crime', 'Thriller']",
1265,386826,2016-03-04,"['Comedy', 'Horror']",
1266,395938,2016-05-13,"['Action', 'Drama']",
1267,424632,2016-10-20,"['Drama', 'Romance']",
1268,403586,2017-10-13,['Drama'],
1269,324293,2015-09-16,['Documentary'],
1270,353433,2016-02-14,"['Thriller', 'Mystery']",
1271,326247,2015-02-28,"['Drama', 'Horror']",
1272,337029,2015-08-29,"['Horror', 'Thriller', 'Science Fiction']",
1273,344753,2015-04-11,['Documentary'],
1274,356329,2015-10-01,['Documentary'],
1275,308027,2015-08-14,"['Romance', 'Comedy', 'Drama']",
1276,364160,2016-01-15,"['Action', 'Drama', 'Thriller']",
1277,346152,2015-10-01,"['Documentary', 'History']",
1278,388440,2016-05-05,"['Fantasy', 'Horror']",
1279,364830,2015-11-06,['Documentary'],
1280,317952,2015-07-03,"['Drama', 'Documentary']",
1281,320349,2015-10-02,"['Documentary', 'Thriller']",
1282,336011,2016-09-02,['Drama'],700000.0
1283,320882,2014-11-14,['Documentary'],
1284,434685,2017-03-08,['Documentary'],
1285,431714,2017-05-25,"['Music', 'Documentary']",
1286,326094,2016-06-24,"['Comedy', 'Drama']",
1287,306197,2015-07-24,"['Comedy', 'Drama']",
1288,370756,2018-05-11,['Documentary'],
1289,295799,2014-10-09,['Documentary'],
1290,371449,2016-09-09,"['Drama', 'Comedy']",
1291,426193,2016-11-11,['Horror'],
1292,306964,2015-10-16,"['Horror', 'Thriller', 'Drama']",
1293,565720,2019-07-24,"['Comedy', 'Drama']",
1294,319091,2015-02-27,['Documentary'],
1295,319079,2015-08-01,"['Crime', 'Documentary']",
1296,302429,2015-01-23,"['Music', 'Animation', 'Family', 'Fantasy']",
1297,340611,2016-07-29,"['Drama', 'Romance']",
1298,410348,2016-09-16,['Comedy'],
1299,302743,2014-10-18,['Documentary'],
1300,426410,2017-03-16,"['Music', 'Documentary']",
1301,405775,2017-05-12,"['Thriller', 'War', 'Drama']",
1302,320589,2015-03-15,"['Documentary', 'Music']",
1303,329539,2014-12-13,['Comedy'],
1304,319075,2015-03-23,"['Documentary', 'Music']",
1305,331485,2015-03-20,"['History', 'Documentary', 'Family']",
1306,373476,2016-08-26,"['Drama', 'Mystery', 'Thriller']",
1307,461404,2016-12-06,['Documentary'],
1308,358807,2016-01-22,['Drama'],170000.0
1309,310319,2015-02-27,['Documentary'],
1310,345468,2015-07-05,"['Drama', 'Horror', 'Thriller']",
1311,318224,2015-01-25,['Documentary'],
1312,319924,2015-02-21,['Comedy'],
1313,376581,2016-08-12,['Comedy'],
1314,323929,2016-03-18,['Drama'],
1315,391628,2015-05-20,['Documentary'],
1316,397569,2016-05-06,[],
1317,324263,2015-03-14,['Documentary'],
1318,411012,2017-04-14,"['Documentary', 'Music']",
1319,312804,2015-01-23,['Drama'],
1320,483400,2017-10-03,"['Horror', 'Mystery', 'Thriller']",
1321,499338,2017-11-07,['Family'],
1322,371447,2017-02-17,"['Drama', 'Romance']",
1323,459068,2017-06-30,['Horror'],
1324,319089,2015-03-08,['Documentary'],
1325,434684,2017-01-13,"['Music', 'Documentary']",
1326,461234,2018-02-23,['Documentary'],
1327,333346,2015-04-24,['Documentary'],
1328,469035,2017-09-22,['Drama'],
1329,381020,2017-01-06,"['Music', 'Documentary', 'History']",
1330,371005,2015-11-17,[],
1331,396774,2017-03-31,"['Drama', 'Crime']",
1332,398218,2016-05-09,"['Action', 'Adventure', 'Drama']",
1333,522039,2019-06-07,['Drama'],
1334,405815,2017-08-27,"['Comedy', 'Fantasy']",
1335,359228,2017-07-21,"['Horror', 'Thriller', 'Mystery']",
1336,359749,2017-10-13,['Documentary'],
1337,320413,2016-10-07,"['Comedy', 'Horror', 'Thriller']",
1338,438225,2016-10-09,"['Documentary', 'Drama', 'Family']",
1339,319167,2014-12-31,"['Drama', 'Documentary']",
1340,336445,2016-11-04,['Comedy'],
1341,367493,2016-02-12,"['Drama', 'Romance']",
1342,385737,2016-11-25,"['Thriller', 'Drama', 'Horror', 'Mystery']",
1343,383208,2016-10-21,"['Comedy', 'Romance']",
1344,323262,2016-04-22,"['Comedy', 'Horror']",
1345,368836,2015-12-01,['Documentary'],
1346,452895,2017-04-14,"['Horror', 'Thriller']",
1347,324308,2015-08-07,['Documentary'],
1348,400658,2015-12-01,"['Adventure', 'Documentary', 'Family']",
1349,337874,2016-09-23,['Drama'],
1350,401061,2016-11-18,"['Action', 'Comedy', 'Science Fiction']",
1351,324333,2015-06-05,"['Crime', 'Drama', 'Thriller']",
1352,381009,2017-03-03,"['Drama', 'Comedy']",
1353,500075,2018-01-26,['Thriller'],
1354,349158,2015-10-24,"['Animation', 'Music', 'Family']",
1355,433941,2017-08-18,"['Comedy', 'Adventure', 'Horror', 'Fantasy']",
1356,327253,2017-07-21,"['Horror', 'Science Fiction', 'Action', 'Mystery']",
1357,340487,2016-09-25,['Drama'],2000000.0
1358,339344,2015-06-02,['Family'],
1359,392033,2016-04-09,['Drama'],
1360,789889,2015-06-11,"['Comedy', 'Crime', 'Mystery']",
1361,403857,2016-03-05,"['Comedy', 'Drama']",
1362,414719,2016-08-20,['Action'],
1363,329010,2016-03-04,"['Horror', 'Thriller']",
1364,334682,2015-10-14,['Documentary'],
1365,332425,2015-04-18,['Documentary'],
1366,362046,2015-09-11,['Action'],
1367,361159,2015-10-08,"['Horror', 'Action']",
1368,411976,2017-10-27,['Drama'],
1369,422553,2017-03-03,['Comedy'],
1370,444109,2017-04-07,['Horror'],
1371,357096,2015-10-01,"['Horror', 'Thriller']",
1372,425001,2020-08-27,"['Comedy', 'Family']",18000000.0
1373,371743,2016-01-27,['Drama'],
1374,443700,2017-04-14,"['Action', 'Thriller']",
1375,450932,2017-08-04,"['Action', 'Horror', 'Thriller']",
1376,417501,2016-10-28,['Horror'],
1377,503436,2018-02-01,['Horror'],
1378,517892,2018-04-13,"['Documentary', 'History']",
1379,395142,2016-04-14,"['Thriller', 'Drama']",
1380,339406,2016-02-18,['Action'],
1381,345937,2017-08-25,"['Romance', 'Comedy', 'Science Fiction']",
1382,347627,2017-06-09,['Comedy'],
1383,340275,2015-12-04,"['Drama', 'Crime', 'Comedy']",
1384,332665,2016-07-08,"['Western', 'Drama', 'War']",
1385,338103,2015-01-26,"['Animation', 'Family', 'Adventure']",
1386,579074,2016-10-21,[],
1387,324251,2015-03-18,"['Drama', 'Documentary', 'Adventure']",
1388,373446,2016-07-30,['Documentary'],
1389,579084,2016-08-30,[],
1390,454558,2017-05-03,[],
1391,347127,2016-11-04,['Horror'],
1392,339692,2017-07-13,"['Crime', 'Drama', 'Thriller']",
1393,376088,2017-03-22,['Drama'],
1394,510284,2018-04-22,"['Thriller', 'Horror', 'Mystery']",
1395,360055,2015-09-27,['Action'],
1396,338768,2018-01-26,"['Comedy', 'Drama']",
1397,384417,2016-03-01,"['Documentary', 'Music']",
1398,421833,2017-08-04,['Comedy'],
1399,352501,2017-03-10,['Comedy'],
1400,347962,2015-07-10,['Documentary'],
1401,339395,2019-04-26,"['Crime', 'Drama']",
1402,399248,2018-04-11,"['Action', 'Thriller', 'Drama']",
1403,426249,2018-09-20,"['Drama', 'Music', 'Horror', 'Thriller']",
1404,341735,2018-05-11,"['Drama', 'Romance', 'Comedy']",
1405,367966,2017-02-01,['Documentary'],
1406,513421,2019-02-20,"['Horror', 'Thriller']",
1407,483826,2017-11-10,['Documentary'],
1408,345915,2017-06-08,"['Action', 'Comedy', 'Thriller', 'Mystery']",
1409,387026,2016-03-31,"['Music', 'Drama', 'Family']",
1410,467988,2017-07-11,['Family'],1000000.0
1411,457243,2018-11-09,['Comedy'],
1412,422874,2016-04-06,"['Crime', 'Thriller']",
1413,430354,2017-07-30,"['Thriller', 'Action']",
1414,347870,2016-03-13,['Comedy'],
1415,374617,2016-08-19,"['Crime', 'Drama', 'Thriller', 'Mystery']",
1416,455847,2017-11-03,"['Action', 'Comedy', 'Crime']",
1417,400411,2016-07-01,"['Horror', 'Mystery', 'Thriller']",
1418,365969,2015-10-30,['Documentary'],
1419,446697,2017-09-15,"['Drama', 'Adventure']",
1420,390582,2016-09-16,"['Horror', 'Thriller', 'Science Fiction']",
1421,477589,2017-05-17,"['Comedy', 'Horror']",
1422,381045,2016-03-13,['Documentary'],
1423,390747,2017-01-11,['Documentary'],
1424,483315,2018-09-14,"['Action', 'Thriller']",
1425,390744,2016-04-15,"['Action', 'Mystery', 'Crime', 'Thriller']",
1426,429645,2016-08-12,"['Action', 'Romance']",
1427,403853,2016-03-05,['Comedy'],
1428,448783,2017-03-25,"['Romance', 'Action', 'Drama']",
1429,438468,2017-04-10,['Documentary'],
1430,375785,2019-02-01,"['Comedy', 'Drama']",
1431,438436,2017-11-03,"['Drama', 'Thriller', 'Horror']",
1432,351242,2016-08-26,"['Comedy', 'Drama']",
1433,388862,2016-04-05,"['Action', 'Crime', 'Mystery']",
1434,499692,2018-01-19,"['Crime', 'Drama', 'Thriller']",
1435,381021,2016-05-04,['Documentary'],
1436,451004,2017-01-01,['Thriller'],
1437,472734,2018-12-20,"['Comedy', 'Drama']",
1438,352208,2015-12-23,['Documentary'],
1439,424488,2017-06-09,"['Drama', 'War']",
1440,450975,2017-04-07,"['Mystery', 'Drama', 'Crime', 'Thriller']",
1441,434674,2018-03-16,"['Drama', 'Comedy']",
1442,577154,2018-04-13,"['Comedy', 'Romance', 'Crime']",
1443,354251,2015-09-17,"['Fantasy', 'Thriller', 'Horror', 'Science Fiction']",
1444,354216,2017-03-17,"['Drama', 'Horror', 'Thriller']",
1445,352197,2015-10-21,['Documentary'],
1446,356199,2018-12-07,"['Documentary', 'Music']",
1447,358924,2015-09-11,['Documentary'],
1448,548875,2018-06-01,['Documentary'],
1449,381058,2016-09-16,['Documentary'],
1450,355111,2015-08-12,"['Animation', 'Music', 'Family']",
1451,436459,2017-11-17,"['Drama', 'Comedy']",
1452,455401,2018-03-16,"['Comedy', 'Romance']",
1453,356298,2016-07-22,"['Comedy', 'Drama']",
1454,500919,2018-05-30,"['Crime', 'Action', 'Drama']",
1455,393765,2016-10-14,"['Drama', 'Romance', 'Crime']",
1456,426254,2017-01-23,"['Drama', 'Mystery', 'Science Fiction']",
1457,390056,2017-09-15,"['Drama', 'Romance']",
1458,450994,2018-01-26,"['Music', 'Drama']",
1459,407531,2017-06-28,"['Horror', 'Thriller']",
1460,514995,2021-06-04,"['Drama', 'Crime']",
1461,373481,2016-01-25,['Documentary'],
1462,519335,2018-05-11,"['Crime', 'Mystery', 'Thriller']",
1463,396810,2017-03-03,"['Comedy', 'Drama']",
1464,369560,2019-02-08,['Comedy'],
1465,392818,2016-04-14,"['Horror', 'Drama']",
1466,493726,2019-10-04,[],
1467,492713,2019-08-13,"['Horror', 'Mystery', 'Thriller']",
1468,370654,2016-08-26,['Drama'],
1469,362826,2018-04-13,"['Fantasy', 'Drama', 'Thriller', 'Horror']",
1470,386823,2017-07-14,"['Science Fiction', 'Drama']",
1471,440424,2018-01-12,"['Comedy', 'Drama']",
1472,590575,2020-03-06,"['Horror', 'Thriller']",
1473,433498,2017-09-07,"['Drama', 'History', 'Crime']",
1474,449848,2018-02-16,"['Romance', 'Comedy', 'Drama']",
1475,399174,2018-03-23,"['Adventure', 'Comedy', 'Animation']",62770198.0
1476,396940,2017-06-30,"['Drama', 'Thriller']",
1477,404073,2016-07-21,"['Comedy', 'Horror']",
1478,381028,2016-03-13,"['Animation', 'Crime', 'Documentary']",
1479,467432,2017-09-08,['Drama'],
1480,423710,2017-01-11,['Documentary'],
1481,440094,2017-02-10,['Documentary'],
1482,446626,2016-11-10,['Comedy'],
1483,390584,2016-10-21,"['Crime', 'Drama']",
1484,594250,2015-09-23,['Documentary'],
1485,393570,2016-05-05,['Documentary'],
1486,412741,2016-10-26,"['Comedy', 'Horror']",1200.0
1487,404279,2016-06-06,"['Drama', 'Crime']",
1488,449664,2017-09-14,"['Horror', 'Thriller']",
1489,460071,2018-09-14,"['Crime', 'Drama', 'Thriller']",
1490,373471,2016-07-29,['Drama'],
1491,630109,2019-09-13,['Documentary'],
1492,367147,2017-04-28,"['Mystery', 'Drama']",
1493,390061,2017-09-28,"['Drama', 'History', 'Thriller']",
1494,502147,2018-03-11,"['History', 'Comedy']",
1495,553838,2016-03-11,['Documentary'],
1496,430450,2017-10-19,['Drama'],
1497,367462,2018-01-18,"['Comedy', 'Crime']",
1498,606405,2019-06-21,['Family'],
1499,369894,2017-05-19,['Drama'],
1500,373209,2018-06-22,['Comedy'],
1501,447429,2017-05-04,['Family'],
1502,383709,2017-10-13,['Drama'],
1503,413580,2017-06-09,['Documentary'],
1504,378417,2015-11-18,['Documentary'],
1505,399896,2017-04-21,['Comedy'],
1506,429003,2017-01-27,"['Drama', 'History']",
1507,371560,2016-12-02,"['Drama', 'Horror']",
1508,376236,2016-01-22,"['Documentary', 'Animation']",
1509,458991,2017-10-20,['Documentary'],
1510,399637,2016-04-28,['Documentary'],
1511,423435,2016-12-02,['Documentary'],
1512,376528,2016-08-05,['Documentary'],
1513,386623,2017-07-28,['Drama'],
1514,397601,2017-10-20,"['Comedy', 'Drama']",
1515,374440,2017-11-02,['Drama'],
1516,390295,2016-04-14,"['Documentary', 'Music']",
1517,376257,2016-01-24,['Documentary'],
1518,375794,2016-09-02,['Comedy'],
1519,579069,2017-10-13,[],
1520,493014,2018-07-20,['Documentary'],
1521,697609,,"['Drama', 'Horror', 'Mystery', 'Romance']",
1522,360030,2016-03-04,['Documentary'],
1523,373349,2016-06-16,['Documentary'],
1524,373339,2016-01-21,['Documentary'],
1525,481845,2017-12-01,['Documentary'],
1526,373348,2016-01-22,['Documentary'],
1527,373472,2016-01-25,['Documentary'],
1528,373441,2016-01-23,['Documentary'],
1529,376234,2016-01-24,['Documentary'],
1530,376261,2016-05-20,['Documentary'],
1531,376389,2017-09-22,['Documentary'],
1532,409151,2016-08-01,"['Documentary', 'History']",
1533,373450,2017-08-18,['Drama'],
1534,480434,2019-11-27,"['Thriller', 'Drama']",
1535,474513,2017-08-25,['Horror'],
1536,608439,2017-05-19,"['Romance', 'Comedy']",1.0
1537,424201,2020-02-28,['Drama'],
1538,481162,2019-05-23,"['Comedy', 'Drama']",
1539,543788,2019-02-28,"['Documentary', 'Drama']",
1540,413700,2016-09-05,[],
1541,395948,2018-02-23,"['Romance', 'Horror']",
1542,511858,2018-06-13,['Drama'],
1543,433414,2017-03-11,"['Romance', 'Comedy', 'Drama']",
1544,506758,2016-10-14,"['Drama', 'History', 'Thriller', 'Western']",
1545,470205,2017-10-06,"['Drama', 'Family']",
1546,483353,2019-01-26,"['Thriller', 'Drama', 'Mystery']",
1547,579070,2017-09-08,[],
1548,417414,2016-09-23,['Documentary'],
1549,401846,2017-06-22,"['Animation', 'Family']",
1550,376534,2016-09-09,['Documentary'],
1551,390059,2018-02-09,"['Comedy', 'Romance', 'Drama']",
1552,381019,2016-03-13,['Documentary'],
1553,428446,2017-01-21,"['Adventure', 'Drama', 'Thriller']",
1554,425373,2018-04-13,['Drama'],
1555,550506,2019-03-01,['Drama'],
1556,396373,2018-04-25,"['Drama', 'History', 'Western']",
1557,380808,2016-07-08,['Documentary'],
1558,381033,2017-02-17,['Drama'],
1559,451751,2017-10-13,"['Thriller', 'Drama', 'Music']",
1560,426251,2018-03-30,['Drama'],
1561,513243,2019-05-03,['Drama'],
1562,397415,2017-03-16,"['Thriller', 'Drama']",
1563,406050,2016-06-01,['Documentary'],
1564,422615,2018-01-26,['Comedy'],
1565,429734,2017-04-20,['Horror'],
1566,385448,2018-08-02,"['Family', 'Adventure', 'Fantasy', 'Romance', 'Drama']",
1567,390319,2017-03-15,['Documentary'],
1568,523256,2019-03-21,"['Drama', 'Family', 'History']",
1569,415749,2016-08-12,"['Animation', 'Family', 'Science Fiction']",
1570,423087,2017-10-12,"['Thriller', 'Drama']",
1571,390784,2016-04-24,['Documentary'],
1572,397517,2016-06-10,"['Drama', 'Comedy', 'Romance']",
1573,832275,2018-02-18,['Documentary'],
1574,384573,2016-04-15,['Documentary'],
1575,384673,2016-10-14,['Documentary'],
1576,411701,2016-09-23,['Documentary'],
1577,384289,2016-11-04,['Documentary'],
1578,388959,2016-01-01,"['Adventure', 'Animation', 'Comedy']",
1579,410661,2016-09-11,"['Animation', 'Comedy', 'Drama']",
1580,390296,2016-04-30,['Documentary'],
1581,390641,2016-04-01,['Documentary'],
1582,574073,2017-11-09,['Drama'],
1583,565307,2019-12-27,['Drama'],
1584,466421,2017-11-10,"['Romance', 'Comedy', 'Drama']",
1585,456508,2017-06-08,['Documentary'],
1586,385761,2017-03-31,['Documentary'],
1587,390396,2016-09-14,['Documentary'],
1588,431075,2019-01-10,"['Horror', 'Thriller', 'Mystery']",
1589,390745,2016-04-15,['Documentary'],
1590,455532,2019-05-17,"['Drama', 'Family']",
1591,458344,2018-08-16,"['Comedy', 'Drama', 'Romance']",
1592,399594,2016-06-10,[],
1593,475734,2017-09-08,['Documentary'],
1594,492621,2016-09-30,['Horror'],
1595,514748,2018-03-30,"['Drama', 'Comedy']",
1596,422619,2018-11-08,['Drama'],
1597,506407,2018-06-01,"['Comedy', 'Romance']",
1598,503257,2019-01-10,['Documentary'],
1599,536768,2018-08-24,['Drama'],
1600,443781,2016-11-01,['Documentary'],
1601,398175,2017-09-23,"['Action', 'Crime', 'Thriller']",10000000.0
1602,460216,2017-06-16,['Comedy'],
1603,462115,2017-07-19,"['Action', 'Horror']",10000000.0
1604,466320,2017-08-04,"['Comedy', 'Romance']",
1605,411873,2017-06-30,['Comedy'],
1606,398362,2016-05-17,"['Adventure', 'Animation']",
1607,570488,2019-12-06,"['Adventure', 'Drama', 'Family']",
1608,481942,2018-02-19,"['Drama', 'Crime']",
1609,450484,2018-08-24,[],
1610,407719,2018-02-09,['Drama'],10000000.0
1611,436373,2018-02-27,['Horror'],
1612,412547,2017-09-22,"['Action', 'Comedy']",
1613,534344,2018-08-17,"['Family', 'Romance']",
1614,542713,2019-03-14,"['Drama', 'Horror', 'Science Fiction']",
1615,434767,2018-09-07,"['Drama', 'Family', 'Romance']",
1616,418533,2017-09-23,['Drama'],
1617,498528,2017-11-10,['Documentary'],
1618,483828,2017-11-10,['Documentary'],
1619,507527,2018-03-23,[],
1620,490071,2018-06-08,['Documentary'],
1621,434596,2018-08-31,"['Comedy', 'Drama']",
1622,401357,2016-06-10,['Documentary'],
1623,581847,2016-04-12,['Documentary'],
1624,436973,2018-07-27,['Horror'],
1625,455409,2017-04-30,"['Thriller', 'Drama', 'Mystery']",
1626,398287,2016-06-06,['Documentary'],
1627,434873,2016-10-08,"['Comedy', 'Horror', 'Drama']",
1628,411135,2018-05-25,['Science Fiction'],
1629,419459,2017-07-21,"['Comedy', 'Drama']",
1630,431259,2017-08-31,"['Horror', 'Thriller', 'Fantasy']",
1631,404762,2016-06-22,['Documentary'],
1632,406668,2017-06-17,['Comedy'],
1633,514558,2018-08-31,"['Comedy', 'Horror']",
1634,567939,2019-08-05,['Family'],
1635,433010,2017-07-28,['Documentary'],
1636,426253,2017-05-05,['Comedy'],
1637,415312,2017-10-13,"['Drama', 'Science Fiction']",
1638,493101,2018-06-15,['Documentary'],
1639,404945,2016-10-07,['Documentary'],
1640,534338,2018-08-20,"['Drama', 'Mystery']",
1641,418694,2016-08-26,['Documentary'],
1642,473338,2018-09-13,['Documentary'],
1643,412302,2017-06-14,"['Mystery', 'Crime', 'Drama', 'Thriller']",
1644,541577,2019-06-28,['Documentary'],
1645,403431,2017-07-27,"['Comedy', 'Drama']",
1646,484297,2020-12-24,"['Drama', 'Comedy']",
1647,426230,2017-06-02,"['Comedy', 'Drama', 'Music']",10000000.0
1648,403300,2019-12-11,"['Drama', 'War', 'History']",9000000.0
1649,432787,2017-08-04,['Comedy'],
1650,423414,2017-09-22,"['Drama', 'Crime', 'Thriller']",
1651,526051,2018-10-12,"['Horror', 'Thriller', 'Fantasy']",
1652,449948,2017-03-30,['Documentary'],
1653,451204,2018-03-30,['Drama'],
1654,438449,2017-03-11,['Documentary'],
1655,409109,2016-08-10,['Documentary'],
1656,403927,2017-07-21,['Documentary'],
1657,410988,2016-10-14,"['Action', 'Horror']",
1658,548754,2018-11-09,['Thriller'],
1659,446829,2017-05-05,['Family'],
1660,322520,2019-03-28,['Documentary'],
1661,490153,2017-08-09,"['Thriller', 'Crime']",
1662,407449,2017-09-29,['Drama'],
1663,414018,2018-06-22,"['Comedy', 'Western']",
1664,476656,2017-09-22,['Drama'],
1665,431491,2018-11-02,"['Drama', 'Comedy', 'Music']",
1666,565718,2019-07-19,"['Documentary', 'Music']",
1667,425980,2017-09-14,"['Comedy', 'Drama']",
1668,407806,2016-10-07,['Documentary'],
1669,433503,2017-04-20,"['Drama', 'Comedy']",
1670,408508,2016-10-07,"['Drama', 'Romance']",
1671,429107,2017-06-09,"['Comedy', 'Drama']",
1672,417812,2018-09-23,['Drama'],
1673,410718,2016-10-21,['Documentary'],
1674,450438,2017-12-15,['Comedy'],
1675,521934,2018-07-23,"['Horror', 'Drama']",
1676,410876,2016-09-16,"['Horror', 'Thriller']",
1677,411144,2019-05-17,"['Drama', 'Mystery', 'Thriller']",
1678,411007,2017-01-06,['Documentary'],
1679,411011,2017-06-02,['Documentary'],
1680,440319,2017-03-14,['Documentary'],
1681,429202,2018-09-07,"['Drama', 'Music']",
1682,411741,2017-08-11,"['Comedy', 'Drama']",
1683,460093,2018-12-07,['Drama'],
1684,428585,2017-01-22,"['Drama', 'Comedy']",
1685,414453,2017-08-04,['Drama'],
1686,480700,2017-01-10,"['Thriller', 'Horror']",
1687,459343,2017-06-18,['Documentary'],
1688,477495,2017-09-19,[],
1689,458005,2018-07-19,"['Science Fiction', 'Romance', 'Thriller']",
1690,432619,2017-01-20,['Documentary'],
1691,592620,2019-04-26,['Documentary'],
1692,426258,2018-01-05,"['Thriller', 'Drama']",
1693,419709,2017-11-03,"['Drama', 'Comedy']",
1694,417062,2016-09-20,"['Music', 'Documentary', 'Romance']",
1695,433014,2017-01-29,['Documentary'],
1696,542417,2019-07-26,['Drama'],
1697,519255,2018-09-13,"['Drama', 'Music', 'Romance', 'Thriller']",
1698,485046,2017-01-01,"['Drama', 'Family']",
1699,458737,2018-05-18,['Drama'],3500000.0
1700,467433,2017-09-29,['Drama'],
1701,432942,2017-08-18,['Drama'],
1702,476484,2017-12-21,['Horror'],
1703,441183,2019-08-09,"['Science Fiction', 'Drama']",
1704,561420,2018-10-07,['Documentary'],
1705,484355,2018-11-09,"['Romance', 'Drama']",
1706,431867,2017-01-20,"['Comedy', 'Drama', 'Thriller']",
1707,540122,2019-09-12,['Thriller'],
1708,460136,2018-05-09,['Documentary'],
1709,526047,2018-05-22,[],
1710,563549,2020-08-14,['Horror'],
1711,593127,2019-06-07,['Documentary'],
1712,465238,2017-07-14,['Documentary'],
1713,557179,2018-10-19,['Documentary'],
1714,530049,2018-08-16,['Drama'],
1715,468735,2018-08-10,['Drama'],
1716,526103,2018-04-27,['Drama'],
1717,459947,2017-09-01,"['Horror', 'Thriller']",
1718,446107,2017-11-07,"['Adventure', 'Documentary']",
1719,531742,2018-06-22,['Drama'],
1720,472648,2019-05-30,"['Documentary', 'History']",
1721,435097,2018-09-14,['Horror'],
1722,420622,2017-10-13,"['Drama', 'Romance']",
1723,400623,2016-06-14,['Documentary'],
1724,502791,2018-10-26,"['Action', 'Drama', 'Thriller']",
1725,458187,2018-06-08,['Drama'],
1726,455253,2017-05-05,['Comedy'],
1727,432987,2017-07-26,['Documentary'],
1728,338765,2017-04-21,['Documentary'],
1729,432972,2017-01-22,['Documentary'],
1730,474487,2018-10-05,['Comedy'],
1731,516977,2019-03-01,"['Drama', 'Comedy']",
1732,421851,2016-10-18,['Documentary'],
1733,451877,2018-09-14,"['Science Fiction', 'Drama', 'Mystery']",
1734,537938,2018-07-04,"['Comedy', 'Romance']",
1735,454650,2018-02-23,"['Action', 'Crime', 'Drama', 'Thriller']",
1736,479746,2017-10-06,['Horror'],
1737,438447,2017-11-08,['Documentary'],
1738,433036,2017-08-11,['Documentary'],
1739,502406,2018-04-20,"['Horror', 'Thriller']",
1740,547760,2019-01-18,"['Drama', 'Thriller']",
1741,586473,2019-05-16,['Documentary'],
1742,426546,2017-06-23,['Documentary'],
1743,458978,2018-01-25,['Documentary'],
1744,453974,2017-07-27,['Documentary'],
1745,510737,2018-10-05,[],
1746,446173,2017-09-13,['Documentary'],
1747,500904,2019-03-29,"['Thriller', 'Drama']",
1748,460100,2017-06-17,"['Drama', 'Romance']",
1749,524787,2019-06-04,"['Horror', 'Thriller']",
1750,453278,2018-03-21,"['Western', 'Drama']",
1751,531145,2018-08-30,"['Horror', 'Mystery']",
1752,515676,2018-03-01,"['Comedy', 'Horror']",
1753,543583,2018-09-30,"['Animation', 'Adventure', 'Family', 'Fantasy']",20000000.0
1754,540638,2018-05-08,['Animation'],
1755,402215,2016-06-14,['Music'],
1756,474464,2017-09-10,"['Documentary', 'Documentary']",
1757,459443,2017-04-25,"['Documentary', 'Comedy']",
1758,486269,2019-02-08,"['Romance', 'Comedy']",
1759,465155,2017-07-10,['Thriller'],
1760,478799,2016-11-21,['Documentary'],
1761,544003,2019-06-07,"['Documentary', 'Drama']",
1762,426613,2018-07-18,['Drama'],900000.0
1763,462996,2017-06-02,"['Family', 'Drama']",
1764,447818,2017-05-12,['Documentary'],
1765,517084,2017-05-11,['Documentary'],
1766,422052,2017-09-27,['Drama'],
1767,462550,2019-04-19,['Comedy'],
1768,544431,2018-11-16,"['Mystery', 'Thriller', 'Crime', 'Drama', 'Horror']",
1769,518516,2018-04-17,['Documentary'],
1770,503437,2017-11-10,['Western'],
1771,533550,2018-08-17,"['Comedy', 'Drama', 'Romance']",
1772,426256,2017-08-18,"['Drama', 'Music']",
1773,436053,2019-03-01,['Fantasy'],
1774,489995,2018-01-18,['Documentary'],
1775,426238,2017-08-25,"['Drama', 'Romance']",
1776,532200,2017-11-03,['Comedy'],
1777,486233,2019-08-14,['Comedy'],
1778,484133,2017-10-29,['Documentary'],
1779,522055,2018-10-12,['Documentary'],
1780,428501,2017-07-14,"['War', 'Documentary']",
1781,432607,2017-10-04,['Documentary'],
1782,428584,2017-07-28,['Drama'],
1783,433059,2018-05-07,['Documentary'],
1784,485580,2017-11-01,['Documentary'],
1785,435218,2017-01-19,"['Comedy', 'Drama']",
1786,637666,2019-10-07,[],
1787,437783,2017-02-23,['Documentary'],
1788,433049,2017-01-23,['Documentary'],
1789,445238,2017-01-20,['Documentary'],
1790,500869,2018-10-26,"['Thriller', 'Drama']",
1791,478110,2017-09-29,['Documentary'],
1792,433416,2017-09-06,['Documentary'],
1793,434203,2017-11-03,"['Romance', 'Drama']",10000000.0
1794,475319,2017-01-14,['Music'],
1795,502220,2018-10-26,['Drama'],
1796,543533,2019-01-26,"['Horror', 'Thriller']",
1797,450487,2019-03-29,"['Thriller', 'Drama', 'Science Fiction']",
1798,451918,2019-04-19,"['Drama', 'Thriller']",
1799,445147,2018-02-02,"['Drama', 'Documentary', 'Action']",
1800,442709,2018-02-16,['Drama'],
1801,543089,2018-12-07,['Documentary'],
1802,483347,2018-09-28,['Drama'],
1803,503811,2018-05-01,['Drama'],
1804,448446,2017-04-20,['Documentary'],
1805,480853,2018-06-08,"['Mystery', 'Drama']",
1806,454059,2017-04-21,['Documentary'],
1807,440444,2018-12-13,"['Thriller', 'Horror', 'Mystery']",
1808,577371,2017-10-03,[],
1809,520930,2018-06-29,"['Drama', 'Romance', 'History', 'War']",
1810,502149,2019-06-14,['Comedy'],
1811,531593,2018-08-31,"['Action', 'Thriller', 'Crime']",
1812,457689,2020-10-16,['Documentary'],
1813,440095,2017-02-11,['Documentary'],
1814,852764,2019-04-14,['Drama'],
1815,699292,2017-02-22,['Documentary'],
1816,426272,2017-05-05,"['Comedy', 'Crime']",
1817,490780,2018-01-22,['Documentary'],
1818,490785,2018-01-19,['Documentary'],
1819,454286,2018-03-30,['Drama'],
1820,453150,2017-02-23,['Documentary'],
1821,451919,2018-10-19,['Drama'],
1822,466410,2018-05-25,['Drama'],
1823,460992,2017-06-06,"['Animation', 'Adventure', 'Family']",
1824,448557,2018-10-12,"['Comedy', 'Drama', 'Romance']",
1825,436549,2018-10-11,['Horror'],
1826,541342,2018-09-14,['Thriller'],
1827,510034,2019-03-28,['Drama'],
1828,463754,2017-07-12,['Documentary'],
1829,452166,2017-04-22,['Documentary'],
1830,576568,2020-02-14,"['Comedy', 'Drama']",
1831,454312,2018-12-05,"['Drama', 'Comedy']",
1832,472054,2017-11-13,"['Science Fiction', 'Action', 'Adventure', 'Comedy']",
1833,525825,2018-06-25,['Drama'],
1834,451925,2018-11-09,"['Science Fiction', 'Comedy', 'Romance']",
1835,452226,2018-06-22,['Documentary'],
1836,554078,2017-12-31,[],
1837,454904,2018-06-15,['Documentary'],
1838,454291,2018-03-28,"['Documentary', 'Family']",
1839,458721,2017-05-23,['Documentary'],
1840,483737,2017-10-31,['Horror'],
1841,454192,2017-11-01,['Documentary'],
1842,450875,2017-04-28,"['Documentary', 'History']",
1843,452509,2017-11-10,['Documentary'],
1844,455359,2017-05-05,['Documentary'],
1845,453568,2017-04-21,"['Documentary', 'Music']",
1846,392178,2017-07-26,['Documentary'],17778.0
1847,525460,2018-11-16,"['Thriller', 'Horror']",
1848,468620,2017-10-06,['Documentary'],
1849,467192,2017-09-29,['Thriller'],
1850,516585,2019-09-19,['Documentary'],
1851,514734,2019-05-09,['Documentary'],
1852,458080,2018-05-11,['Documentary'],
1853,457041,2018-08-10,"['Thriller', 'Science Fiction', 'Mystery', 'Horror']",
1854,456086,2018-08-24,"['Drama', 'Comedy']",
1855,467956,2019-05-10,"['Comedy', 'Drama']",
1856,467917,2018-06-01,['Drama'],
1857,553045,2018-10-26,"['Drama', 'Comedy']",
1858,513111,2019-01-25,['Drama'],
1859,549672,2018-10-26,"['Comedy', 'Drama']",
1860,480248,2017-01-01,['Drama'],
1861,493003,2018-01-22,['Romance'],
1862,489327,2018-10-12,['Comedy'],
1863,492998,2018-07-27,['Drama'],
1864,489927,2018-09-23,['Drama'],
1865,499319,2018-04-27,"['Drama', 'Romance', 'Comedy']",
1866,489463,,['Horror'],
1867,561325,2019-06-04,['Documentary'],
1868,456646,2019-10-04,"['Drama', 'Thriller']",
1869,473902,2018-11-05,['Horror'],
1870,489929,2018-08-02,"['Romance', 'Comedy', 'Drama']",
1871,545612,2018-05-09,['Horror'],
1872,522530,2018-05-05,"['Drama', 'History', 'Romance']",
1873,432320,2017-08-10,"['Documentary', 'History']",
1874,590218,2019-03-21,"['Family', 'Drama']",
1875,530081,2019-02-08,"['Drama', 'Adventure', 'Fantasy']",
1876,534271,2018-08-24,"['Horror', 'Thriller']",
1877,553882,2019-01-18,"['Thriller', 'Drama']",
1878,543025,2019-02-27,"['Adventure', 'History']",
1879,472815,2021-01-07,"['Comedy', 'Drama']",
1880,464329,2017-01-27,['Horror'],
1881,504599,2019-02-15,"['Drama', 'Crime']",
1882,509999,2018-03-02,"['Documentary', 'History']",
1883,514510,2019-02-08,['Drama'],
1884,517146,2021-09-16,"['Thriller', 'TV Movie']",
1885,577145,2016-10-26,['Documentary'],
1886,527360,2018-01-01,['Documentary'],
1887,475303,2019-07-26,"['Comedy', 'Romance']",
1888,493121,2018-09-14,['Documentary'],
1889,470333,2018-06-08,"['Music', 'Drama', 'Comedy', 'Family']",2000000.0
1890,586591,2020-10-23,"['Drama', 'Thriller']",
1891,487672,2019-01-10,"['Science Fiction', 'Animation', 'Action']",
1892,577384,2018-11-09,"['Mystery', 'Thriller']",
1893,473372,2017-09-06,['Music'],
1894,565531,2019-09-20,['Documentary'],
1895,470819,2017-12-28,['Documentary'],
1896,470827,2018-12-19,['Documentary'],
1897,474753,2018-03-30,['Documentary'],
1898,472608,2018-01-19,['Documentary'],
1899,491052,2018-03-18,['Documentary'],
1900,585604,2019-01-19,"['Horror', 'Thriller']",
1901,514976,2018-01-01,['Documentary'],
1902,550273,2019-02-28,"['Horror', 'Thriller', 'Drama', 'Mystery']",
1903,489930,2018-07-20,"['Comedy', 'Drama']",
1904,472805,2018-03-30,['Drama'],
1905,551905,2017-11-01,['Animation'],
1906,501630,2018-09-28,['Comedy'],
1907,588064,2019-11-19,"['Thriller', 'Romance', 'Mystery', 'Horror']",
1908,486832,2019-08-02,['Thriller'],
1909,500877,2018-02-21,['Documentary'],
1910,574489,2020-01-16,['Drama'],
1911,480001,2019-07-12,"['Action', 'Comedy', 'Thriller']",
1912,480100,2019-06-21,['Horror'],
1913,603055,2019-08-30,['Drama'],
1914,501851,2018-05-05,['Horror'],
1915,542036,2020-02-20,['Thriller'],
1916,547009,2019-10-17,['Comedy'],
1917,480718,2017-09-29,[],
1918,585724,2019-03-01,['Documentary'],
1919,478038,2017-09-29,"['Music', 'Documentary']",
1920,463088,2019-09-16,['Documentary'],
1921,520596,2018-10-12,['Comedy'],
1922,489987,2018-11-16,['Documentary'],
1923,489985,2018-08-17,['Documentary'],
1924,579091,2021-01-07,"['Horror', 'Comedy']",
1925,490758,2018-09-05,"['Documentary', 'History']",
1926,278330,2017-11-13,['Documentary'],
1927,493092,2018-09-28,"['Documentary', 'Music']",
1928,483435,2018-09-28,"['Comedy', 'Drama']",
1929,491474,2018-08-10,['Drama'],
1930,531165,2018-04-20,['Animation'],
1931,552637,2018-01-01,['Animation'],
1932,572404,2019-09-25,['Drama'],
1933,523604,2018-10-18,"['Animation', 'Action', 'Adventure', 'Family', 'Comedy']",
1934,492616,2019-08-02,['Thriller'],
1935,568262,2019-05-15,"['Documentary', 'Music']",
1936,508101,2019-06-14,"['Romance', 'Comedy', 'Drama']",
1937,500899,2019-03-01,['Thriller'],
1938,515725,2019-10-04,"['Drama', 'Comedy']",
1939,473418,2017-10-01,['Documentary'],
1940,500883,2018-02-20,['Documentary'],
1941,529862,2019-08-23,"['Comedy', 'Drama']",
1942,541100,2018-09-23,['Horror'],
1943,490000,2018-10-06,['Drama'],
1944,490003,2018-06-08,['Documentary'],
1945,490816,2018-12-06,['Documentary'],
1946,489934,2018-09-22,['Drama'],
1947,489983,2018-01-19,['Documentary'],
1948,493089,2018-01-23,['Documentary'],
1949,493099,2018-05-04,['Documentary'],
1950,490005,2018-08-03,['Comedy'],
1951,497796,2018-06-01,"['Action', 'Comedy', 'Thriller']",
1952,755783,2018-03-17,['Documentary'],
1953,515042,2018-09-28,"['Documentary', 'Adventure']",
1954,615825,2018-04-21,['Documentary'],
1955,508613,2018-02-27,"['Documentary', 'Science Fiction']",
1956,493675,2021-05-14,"['Mystery', 'Thriller']",
1957,502138,2018-11-21,['Documentary'],
1958,669926,2020-02-12,['Documentary'],
1959,422032,2016-01-21,"['Animation', 'Family']",
1960,502194,2018-01-19,['Documentary'],
1961,520679,2019-04-12,"['Drama', 'Music']",
1962,555295,2019-03-08,['Thriller'],
1963,502134,2018-03-12,['Documentary'],
1964,503742,2019-06-26,['Drama'],
1965,502173,2020-07-24,"['Fantasy', 'Comedy']",
1966,514758,2018-01-23,['Documentary'],
1967,502137,2018-10-16,['Documentary'],
1968,665518,2018-08-27,[],
1969,503706,2019-04-05,"['Horror', 'Thriller']",
1970,502130,2018-03-11,['Documentary'],
1971,502129,2018-09-18,['Documentary'],
1972,565340,2019-09-06,['Drama'],
1973,502168,2018-11-29,['Documentary'],
1974,527385,2019-08-09,['Drama'],
1975,577026,2019-06-28,['Drama'],
1976,513789,2018-02-02,['Documentary'],
1977,594485,2019-04-13,['Drama'],
1978,517686,2018-04-11,['Documentary'],
1979,502188,2018-07-13,['Documentary'],
1980,508802,2019-04-17,"['Documentary', 'Family']",
1981,511910,2019-05-24,['Documentary'],
1982,519672,2018-03-16,['Documentary'],
1983,521862,2018-04-30,['Documentary'],
1984,512263,2019-11-08,['Drama'],3500000.0
1985,652385,2020-05-15,"['Action', 'Crime', 'Drama']",
1986,555748,2019-06-28,"['Drama', 'Adventure']",
1987,651696,2019-11-12,['Horror'],
1988,509207,2018-03-01,"['Documentary', 'War']",
1989,512230,2018-04-22,['Documentary'],
1990,548887,2018-10-02,['Drama'],
1991,524348,2019-09-12,"['Thriller', 'Drama']",
1992,546565,2018-11-02,['Documentary'],
1993,552294,2018-10-15,['Horror'],
1994,525799,2017-10-06,['Documentary'],
1995,581998,2019-03-15,"['Comedy', 'Romance']",
1996,519473,2019-03-15,"['Crime', 'Family', 'Comedy', 'Mystery']",
1997,586595,2019-09-11,"['Drama', 'Horror']",
1998,530076,2019-09-20,"['Comedy', 'Horror']",
1999,586461,2019-04-28,['Thriller'],
2000,511807,2018-04-06,['Documentary'],
2001,523994,2019-04-26,['Documentary'],
2002,530454,2018-09-14,['Documentary'],
2003,541560,2019-06-06,"['Western', 'Horror', 'Thriller']",
2004,549154,2018-10-03,['Documentary'],
2005,548617,2018-09-11,['Animation'],
2006,606802,2019-07-25,"['Documentary', 'History']",
2007,575942,2019-07-12,"['Drama', 'Comedy']",
2008,549422,2018-09-18,"['Animation', 'Family']",
2009,567733,2019-04-12,"['Thriller', 'Crime', 'Drama']",
2010,542994,2018-10-12,['Drama'],
2011,532183,2018-06-25,['Music'],
2012,565310,2019-07-12,"['Comedy', 'Drama']",250300.0
2013,595931,2019-05-17,"['Comedy', 'Drama']",
2014,547012,2020-02-14,"['Comedy', 'Drama', 'Romance']",
2015,581001,2019-02-07,['Drama'],
2016,597710,2018-11-15,"['Crime', 'Thriller', 'TV Movie']",
2017,550503,2018-09-22,['Documentary'],
2018,523818,2018-05-23,"['War', 'Documentary', 'TV Movie', 'History']",
2019,535581,2019-05-15,"['Comedy', 'Horror', 'Fantasy']",
2020,537788,2019-12-06,"['Fantasy', 'Horror', 'Mystery', 'Thriller']",
2021,537968,2018-09-07,['Documentary'],
2022,590164,2019-03-31,"['Horror', 'Mystery', 'Thriller']",
2023,539199,2018-10-05,['Documentary'],
2024,549559,2019-03-01,"['Documentary', 'History']",
2025,565391,2019-05-22,"['Drama', 'Romance']",
2026,549859,2019-10-11,"['Thriller', 'Horror', 'Mystery']",
2027,541578,2019-03-29,"['Documentary', 'History']",
2028,604031,2020-02-28,"['Comedy', 'Romance']",
2029,565326,2019-08-30,['Comedy'],
2030,555112,2019-04-25,['Documentary'],
2031,566141,2018-10-06,['Drama'],
2032,543917,2019-09-20,"['Thriller', 'Crime', 'Horror']",
2033,549551,2019-05-24,"['Documentary', 'Music']",
2034,579507,2019-07-31,['Documentary'],
2035,566368,2019-03-29,['Documentary'],
2036,527660,2019-03-08,"['Comedy', 'Drama']",
2037,543084,2019-06-13,['Documentary'],
2038,565591,2019-01-24,['Documentary'],
2039,550957,2018-07-27,['Documentary'],
2040,618159,2019-04-02,['Family'],
2041,581418,2020-01-01,['Documentary'],435000.0
2042,576005,2020-02-28,"['Comedy', 'Drama']",
2043,680760,2019-02-18,"['Drama', 'Romance']",
2044,603735,2019-01-24,[],
2045,564713,2018-10-09,['Documentary'],
2046,591103,2019-04-26,['Documentary'],
2047,817690,2021-04-16,[],
2048,554739,2019-01-24,['Horror'],
2049,566233,2019-08-30,['Documentary'],
2050,565379,2020-02-21,"['Drama', 'Romance']",
2051,565726,2019-01-27,['Documentary'],
2052,557182,2018-10-19,['Documentary'],
2053,644239,,[],
2054,570556,2018-12-08,['Family'],
2055,589339,2019-02-05,['Animation'],
2056,565276,2019-08-02,['Documentary'],
2057,565341,2019-09-13,['Drama'],
2058,566063,2019-08-15,['Documentary'],
2059,565383,2019-09-27,"['Comedy', 'Crime', 'Drama']",
2060,565719,2019-04-17,['Documentary'],
2061,568693,2019-08-16,"['Documentary', 'Comedy']",
2062,566227,2019-06-07,['Documentary'],
2063,566232,2019-08-23,"['Documentary', 'Music']",
2064,566235,2019-01-27,['Documentary'],
2065,566220,2019-11-22,"['Documentary', 'History']",
2066,572367,2019-02-01,['Drama'],
2067,559323,2018-11-04,['Documentary'],
2068,601131,2019-06-11,"['Animation', 'Adventure', 'Comedy', 'Family']",
2069,617208,2019-07-16,['Horror'],
2070,577984,2019-01-08,"['Animation', 'Music']",
2071,576334,2019-03-29,['Documentary'],
2072,576692,2019-03-12,['Documentary'],
2073,575958,2019-11-13,['Drama'],
2074,576687,2019-03-09,['Documentary'],
2075,576712,2019-11-12,['Documentary'],
2076,577095,2019-10-23,['Documentary'],
2077,656890,2019-05-07,[],
2078,590209,2019-09-13,['Documentary'],
2079,559515,2018-01-01,['Documentary'],
2080,502234,2018-08-09,"['Animation', 'Adventure', 'Family']",
2081,523427,2018-05-09,"['Comedy', 'Fantasy']",
2082,595172,2019-04-18,"['Animation', 'Adventure']",
